mmsi,vessel_name,vessel_type,imo,callsign,timestamp,latitude,longitude,speed,course,heading,navigation_status,destination,draught,behavior_class
620100001,MT Ocean Voyager,Tanker,9482711,5VAB8,2019-10-18T06:56:47+00:00,32.19555,29.942586,14.59,46.6,47,Under way using engine,PORT SAID,12.8,HIGH_CORRELATION
620100001,MT Ocean Voyager,Tanker,9482711,5VAB8,2019-10-18T07:08:47+00:00,32.197797,29.945399,14.12,41.6,42,Under way using engine,PORT SAID,12.8,HIGH_CORRELATION
620100001,MT Ocean Voyager,Tanker,9482711,5VAB8,2019-10-18T07:20:47+00:00,32.200475,29.94821,14.02,45.5,46,Under way using engine,PORT SAID,12.8,HIGH_CORRELATION
620100001,MT Ocean Voyager,Tanker,9482711,5VAB8,2019-10-18T07:32:47+00:00,32.202667,29.950847,14.15,41.8,42,Under way using engine,PORT SAID,12.8,HIGH_CORRELATION
620100001,MT Ocean Voyager,Tanker,9482711,5VAB8,2019-10-18T07:44:47+00:00,32.205158,29.953475,14.35,43.9,44,Under way using engine,PORT SAID,12.8,HIGH_CORRELATION
620100001,MT Ocean Voyager,Tanker,9482711,5VAB8,2019-10-18T07:56:47+00:00,32.207623,29.956281,14.11,46.4,46,Under way using engine,PORT SAID,12.8,HIGH_CORRELATION
620100001,MT Ocean Voyager,Tanker,9482711,5VAB8,2019-10-18T08:08:47+00:00,32.209859,29.959059,14.36,45.9,46,Under way using engine,PORT SAID,12.8,HIGH_CORRELATION
620100001,MT Ocean Voyager,Tanker,9482711,5VAB8,2019-10-18T08:20:47+00:00,32.212295,29.962026,14.41,43.6,44,Under way using engine,PORT SAID,12.8,HIGH_CORRELATION
620100001,MT Ocean Voyager,Tanker,9482711,5VAB8,2019-10-18T08:32:47+00:00,32.214712,29.964744,14.49,45.1,45,Under way using engine,PORT SAID,12.8,HIGH_CORRELATION
620100001,MT Ocean Voyager,Tanker,9482711,5VAB8,2019-10-18T08:44:47+00:00,32.217115,29.967595,14.08,45.1,45,Under way using engine,PORT SAID,12.8,HIGH_CORRELATION
620100001,MT Ocean Voyager,Tanker,9482711,5VAB8,2019-10-18T08:56:47+00:00,32.219523,29.970452,14.1,42.1,42,Under way using engine,PORT SAID,12.8,HIGH_CORRELATION
620100001,MT Ocean Voyager,Tanker,9482711,5VAB8,2019-10-18T09:08:47+00:00,32.221938,29.973033,14.73,41.3,41,Under way using engine,PORT SAID,12.8,HIGH_CORRELATION
620100001,MT Ocean Voyager,Tanker,9482711,5VAB8,2019-10-18T09:20:47+00:00,32.224482,29.975678,14.25,44.3,44,Under way using engine,PORT SAID,12.8,HIGH_CORRELATION
620100001,MT Ocean Voyager,Tanker,9482711,5VAB8,2019-10-18T09:32:47+00:00,32.227086,29.978686,14.15,45.6,46,Under way using engine,PORT SAID,12.8,HIGH_CORRELATION
620100001,MT Ocean Voyager,Tanker,9482711,5VAB8,2019-10-18T09:44:47+00:00,32.229291,29.98135,14.07,44.5,44,Under way using engine,PORT SAID,12.8,HIGH_CORRELATION
620100001,MT Ocean Voyager,Tanker,9482711,5VAB8,2019-10-18T09:56:47+00:00,32.231524,29.983942,14.22,46.1,46,Under way using engine,PORT SAID,12.8,HIGH_CORRELATION
620100001,MT Ocean Voyager,Tanker,9482711,5VAB8,2019-10-18T10:08:47+00:00,32.233987,29.986972,14.22,44.0,44,Under way using engine,PORT SAID,12.8,HIGH_CORRELATION
620100001,MT Ocean Voyager,Tanker,9482711,5VAB8,2019-10-18T10:20:47+00:00,32.236329,29.989647,14.64,44.1,44,Under way using engine,PORT SAID,12.8,HIGH_CORRELATION
620100001,MT Ocean Voyager,Tanker,9482711,5VAB8,2019-10-18T10:32:47+00:00,32.238782,29.992461,14.0,43.0,43,Under way using engine,PORT SAID,12.8,HIGH_CORRELATION
620100001,MT Ocean Voyager,Tanker,9482711,5VAB8,2019-10-18T10:44:47+00:00,32.241317,29.995255,14.58,44.7,45,Under way using engine,PORT SAID,12.8,HIGH_CORRELATION
620100001,MT Ocean Voyager,Tanker,9482711,5VAB8,2019-10-18T10:56:47+00:00,32.243583,29.997902,14.69,46.4,46,Under way using engine,PORT SAID,12.8,HIGH_CORRELATION
620100001,MT Ocean Voyager,Tanker,9482711,5VAB8,2019-10-18T11:08:47+00:00,32.245924,30.00081,14.05,41.2,41,Under way using engine,PORT SAID,12.8,HIGH_CORRELATION
620100001,MT Ocean Voyager,Tanker,9482711,5VAB8,2019-10-18T11:20:47+00:00,32.248373,30.003347,14.58,43.5,43,Under way using engine,PORT SAID,12.8,HIGH_CORRELATION
620100001,MT Ocean Voyager,Tanker,9482711,5VAB8,2019-10-18T11:32:47+00:00,32.250975,30.006263,14.38,43.7,44,Under way using engine,PORT SAID,12.8,HIGH_CORRELATION
620100001,MT Ocean Voyager,Tanker,9482711,5VAB8,2019-10-18T11:44:47+00:00,32.253336,30.008935,14.61,43.9,44,Under way using engine,PORT SAID,12.8,HIGH_CORRELATION
620100001,MT Ocean Voyager,Tanker,9482711,5VAB8,2019-10-18T11:56:47+00:00,32.255858,30.0118,14.4,50.0,50,Under way using engine,PORT SAID,12.8,HIGH_CORRELATION
620100001,MT Ocean Voyager,Tanker,9482711,5VAB8,2019-10-18T12:08:47+00:00,32.257855,30.014616,14.02,43.0,43,Under way using engine,PORT SAID,12.8,HIGH_CORRELATION
620100001,MT Ocean Voyager,Tanker,9482711,5VAB8,2019-10-18T12:20:47+00:00,32.260383,30.017404,14.41,42.1,42,Under way using engine,PORT SAID,12.8,HIGH_CORRELATION
620100001,MT Ocean Voyager,Tanker,9482711,5VAB8,2019-10-18T12:32:47+00:00,32.262911,30.020102,14.33,45.3,45,Under way using engine,PORT SAID,12.8,HIGH_CORRELATION
620100001,MT Ocean Voyager,Tanker,9482711,5VAB8,2019-10-18T12:44:47+00:00,32.265263,30.022908,14.06,42.9,43,Under way using engine,PORT SAID,12.8,HIGH_CORRELATION
620100001,MT Ocean Voyager,Tanker,9482711,5VAB8,2019-10-18T12:56:47+00:00,32.267669,30.02555,14.74,44.3,44,Under way using engine,PORT SAID,12.8,HIGH_CORRELATION
620100001,MT Ocean Voyager,Tanker,9482711,5VAB8,2019-10-18T13:08:47+00:00,32.270208,30.028482,14.7,44.7,45,Under way using engine,PORT SAID,12.8,HIGH_CORRELATION
620100001,MT Ocean Voyager,Tanker,9482711,5VAB8,2019-10-18T13:20:47+00:00,32.272514,30.031185,14.71,41.6,42,Under way using engine,PORT SAID,12.8,HIGH_CORRELATION
620100001,MT Ocean Voyager,Tanker,9482711,5VAB8,2019-10-18T13:32:47+00:00,32.275112,30.033918,14.72,46.2,46,Under way using engine,PORT SAID,12.8,HIGH_CORRELATION
620100001,MT Ocean Voyager,Tanker,9482711,5VAB8,2019-10-18T13:44:47+00:00,32.277313,30.036634,14.18,41.9,42,Under way using engine,PORT SAID,12.8,HIGH_CORRELATION
620100001,MT Ocean Voyager,Tanker,9482711,5VAB8,2019-10-18T13:56:47+00:00,32.279919,30.039404,14.69,45.8,46,Under way using engine,PORT SAID,12.8,HIGH_CORRELATION
620100001,MT Ocean Voyager,Tanker,9482711,5VAB8,2019-10-18T14:08:47+00:00,32.282201,30.042177,14.33,44.6,45,Under way using engine,PORT SAID,12.8,HIGH_CORRELATION
620100001,MT Ocean Voyager,Tanker,9482711,5VAB8,2019-10-18T14:20:47+00:00,32.284569,30.044938,14.27,44.6,45,Under way using engine,PORT SAID,12.8,HIGH_CORRELATION
620100001,MT Ocean Voyager,Tanker,9482711,5VAB8,2019-10-18T14:32:47+00:00,32.287001,30.047774,14.42,46.1,46,Under way using engine,PORT SAID,12.8,HIGH_CORRELATION
620100001,MT Ocean Voyager,Tanker,9482711,5VAB8,2019-10-18T14:44:47+00:00,32.289331,30.05064,14.78,43.8,44,Under way using engine,PORT SAID,12.8,HIGH_CORRELATION
620100001,MT Ocean Voyager,Tanker,9482711,5VAB8,2019-10-18T14:56:47+00:00,32.291641,30.053264,14.23,41.4,41,Under way using engine,PORT SAID,12.8,HIGH_CORRELATION
620100001,MT Ocean Voyager,Tanker,9482711,5VAB8,2019-10-18T15:08:47+00:00,32.294252,30.05599,14.4,45.3,45,Under way using engine,PORT SAID,12.8,HIGH_CORRELATION
620100001,MT Ocean Voyager,Tanker,9482711,5VAB8,2019-10-18T15:20:47+00:00,32.296631,30.05883,14.12,43.2,43,Under way using engine,PORT SAID,12.8,HIGH_CORRELATION
620100001,MT Ocean Voyager,Tanker,9482711,5VAB8,2019-10-18T15:32:47+00:00,32.299092,30.061566,14.19,44.0,44,Under way using engine,PORT SAID,12.8,HIGH_CORRELATION
620100001,MT Ocean Voyager,Tanker,9482711,5VAB8,2019-10-18T15:44:47+00:00,32.301581,30.064409,14.19,47.2,47,Under way using engine,PORT SAID,12.8,HIGH_CORRELATION
620100001,MT Ocean Voyager,Tanker,9482711,5VAB8,2019-10-18T15:56:47+00:00,32.303795,30.067238,14.51,43.4,43,Under way using engine,PORT SAID,12.8,HIGH_CORRELATION
620100001,MT Ocean Voyager,Tanker,9482711,5VAB8,2019-10-18T16:08:47+00:00,32.306342,30.070086,14.07,44.1,44,Under way using engine,PORT SAID,12.8,HIGH_CORRELATION
620100001,MT Ocean Voyager,Tanker,9482711,5VAB8,2019-10-18T16:20:47+00:00,32.308642,30.072726,14.15,41.9,42,Under way using engine,PORT SAID,12.8,HIGH_CORRELATION
620100001,MT Ocean Voyager,Tanker,9482711,5VAB8,2019-10-18T16:32:47+00:00,32.31111,30.07535,14.54,44.4,44,Under way using engine,PORT SAID,12.8,HIGH_CORRELATION
620100001,MT Ocean Voyager,Tanker,9482711,5VAB8,2019-10-18T16:44:47+00:00,32.313509,30.07813,14.18,46.3,46,Under way using engine,PORT SAID,12.8,HIGH_CORRELATION
620100001,MT Ocean Voyager,Tanker,9482711,5VAB8,2019-10-18T16:56:47+00:00,32.31581,30.080981,14.55,41.6,42,Under way using engine,PORT SAID,12.8,HIGH_CORRELATION
620100001,MT Ocean Voyager,Tanker,9482711,5VAB8,2019-10-18T17:08:47+00:00,32.318387,30.083684,14.11,45.7,46,Under way using engine,PORT SAID,12.8,HIGH_CORRELATION
620100001,MT Ocean Voyager,Tanker,9482711,5VAB8,2019-10-18T17:20:47+00:00,32.320655,30.086434,14.74,44.5,45,Under way using engine,PORT SAID,12.8,HIGH_CORRELATION
620100001,MT Ocean Voyager,Tanker,9482711,5VAB8,2019-10-18T17:32:47+00:00,32.323106,30.089289,14.53,44.2,44,Under way using engine,PORT SAID,12.8,HIGH_CORRELATION
620100001,MT Ocean Voyager,Tanker,9482711,5VAB8,2019-10-18T17:44:47+00:00,32.325573,30.092131,14.42,43.2,43,Under way using engine,PORT SAID,12.8,HIGH_CORRELATION
620100001,MT Ocean Voyager,Tanker,9482711,5VAB8,2019-10-18T17:56:47+00:00,32.327926,30.094746,14.72,44.5,44,Under way using engine,PORT SAID,12.8,HIGH_CORRELATION
620100001,MT Ocean Voyager,Tanker,9482711,5VAB8,2019-10-18T18:08:47+00:00,32.330393,30.097612,14.27,41.2,41,Under way using engine,PORT SAID,12.8,HIGH_CORRELATION
620100001,MT Ocean Voyager,Tanker,9482711,5VAB8,2019-10-18T18:20:47+00:00,32.332905,30.100213,14.72,46.7,47,Under way using engine,PORT SAID,12.8,HIGH_CORRELATION
620100001,MT Ocean Voyager,Tanker,9482711,5VAB8,2019-10-18T18:32:47+00:00,32.335208,30.103101,14.51,44.7,45,Under way using engine,PORT SAID,12.8,HIGH_CORRELATION
620100001,MT Ocean Voyager,Tanker,9482711,5VAB8,2019-10-18T18:44:47+00:00,32.337614,30.105918,14.01,42.4,42,Under way using engine,PORT SAID,12.8,HIGH_CORRELATION
620100001,MT Ocean Voyager,Tanker,9482711,5VAB8,2019-10-18T18:56:47+00:00,32.340029,30.108529,14.0,43.8,44,Under way using engine,PORT SAID,12.8,HIGH_CORRELATION
620100001,MT Ocean Voyager,Tanker,9482711,5VAB8,2019-10-18T19:08:47+00:00,32.342426,30.111245,14.55,47.7,48,Under way using engine,PORT SAID,12.8,HIGH_CORRELATION
620100001,MT Ocean Voyager,Tanker,9482711,5VAB8,2019-10-18T19:20:47+00:00,32.344698,30.114199,14.57,41.7,42,Under way using engine,PORT SAID,12.8,HIGH_CORRELATION
620100001,MT Ocean Voyager,Tanker,9482711,5VAB8,2019-10-18T19:32:47+00:00,32.34715,30.116787,14.6,43.7,44,Under way using engine,PORT SAID,12.8,HIGH_CORRELATION
620100001,MT Ocean Voyager,Tanker,9482711,5VAB8,2019-10-18T19:44:47+00:00,32.34973,30.119708,14.53,46.1,46,Under way using engine,PORT SAID,12.8,HIGH_CORRELATION
620100001,MT Ocean Voyager,Tanker,9482711,5VAB8,2019-10-18T19:56:47+00:00,32.351955,30.122448,14.29,43.2,43,Under way using engine,PORT SAID,12.8,HIGH_CORRELATION
620100001,MT Ocean Voyager,Tanker,9482711,5VAB8,2019-10-18T20:08:47+00:00,32.354361,30.125118,14.78,42.7,43,Under way using engine,PORT SAID,12.8,HIGH_CORRELATION
620100001,MT Ocean Voyager,Tanker,9482711,5VAB8,2019-10-18T20:20:47+00:00,32.356946,30.127943,14.5,46.9,47,Under way using engine,PORT SAID,12.8,HIGH_CORRELATION
620100001,MT Ocean Voyager,Tanker,9482711,5VAB8,2019-10-18T20:32:47+00:00,32.359268,30.130879,14.46,44.3,44,Under way using engine,PORT SAID,12.8,HIGH_CORRELATION
620100001,MT Ocean Voyager,Tanker,9482711,5VAB8,2019-10-18T20:44:47+00:00,32.361534,30.133497,14.58,44.3,44,Under way using engine,PORT SAID,12.8,HIGH_CORRELATION
620100001,MT Ocean Voyager,Tanker,9482711,5VAB8,2019-10-18T20:56:47+00:00,32.363976,30.136315,14.75,43.3,43,Under way using engine,PORT SAID,12.8,HIGH_CORRELATION
620100001,MT Ocean Voyager,Tanker,9482711,5VAB8,2019-10-18T21:08:47+00:00,32.366479,30.139107,14.77,42.6,43,Under way using engine,PORT SAID,12.8,HIGH_CORRELATION
620100001,MT Ocean Voyager,Tanker,9482711,5VAB8,2019-10-18T21:20:47+00:00,32.368815,30.141649,14.68,45.2,45,Under way using engine,PORT SAID,12.8,HIGH_CORRELATION
620100001,MT Ocean Voyager,Tanker,9482711,5VAB8,2019-10-18T21:32:47+00:00,32.371216,30.144515,14.45,43.8,44,Under way using engine,PORT SAID,12.8,HIGH_CORRELATION
620100001,MT Ocean Voyager,Tanker,9482711,5VAB8,2019-10-18T21:44:47+00:00,32.373734,30.147372,14.46,42.8,43,Under way using engine,PORT SAID,12.8,HIGH_CORRELATION
620100001,MT Ocean Voyager,Tanker,9482711,5VAB8,2019-10-18T21:56:47+00:00,32.376148,30.150019,14.79,44.0,44,Under way using engine,PORT SAID,12.8,HIGH_CORRELATION
620100001,MT Ocean Voyager,Tanker,9482711,5VAB8,2019-10-18T22:08:47+00:00,32.378539,30.152752,14.7,45.4,45,Under way using engine,PORT SAID,12.8,HIGH_CORRELATION
620100001,MT Ocean Voyager,Tanker,9482711,5VAB8,2019-10-18T22:20:47+00:00,32.381029,30.15574,14.56,44.8,45,Under way using engine,PORT SAID,12.8,HIGH_CORRELATION
620100001,MT Ocean Voyager,Tanker,9482711,5VAB8,2019-10-18T22:32:47+00:00,32.383212,30.158306,14.65,43.4,43,Under way using engine,PORT SAID,12.8,HIGH_CORRELATION
620100001,MT Ocean Voyager,Tanker,9482711,5VAB8,2019-10-18T22:44:47+00:00,32.385789,30.161192,14.73,47.4,47,Under way using engine,PORT SAID,12.8,HIGH_CORRELATION
620100001,MT Ocean Voyager,Tanker,9482711,5VAB8,2019-10-18T22:56:47+00:00,32.388218,30.164319,14.64,40.1,40,Under way using engine,PORT SAID,12.8,HIGH_CORRELATION
620100001,MT Ocean Voyager,Tanker,9482711,5VAB8,2019-10-18T23:08:47+00:00,32.390708,30.166799,14.64,45.9,46,Under way using engine,PORT SAID,12.8,HIGH_CORRELATION
620100001,MT Ocean Voyager,Tanker,9482711,5VAB8,2019-10-18T23:20:47+00:00,32.392952,30.169543,14.3,41.8,42,Under way using engine,PORT SAID,12.8,HIGH_CORRELATION
620100001,MT Ocean Voyager,Tanker,9482711,5VAB8,2019-10-18T23:32:47+00:00,32.395408,30.172148,14.03,40.6,41,Under way using engine,PORT SAID,12.8,HIGH_CORRELATION
620100001,MT Ocean Voyager,Tanker,9482711,5VAB8,2019-10-18T23:44:47+00:00,32.398031,30.174813,14.23,49.5,50,Under way using engine,PORT SAID,12.8,HIGH_CORRELATION
620100001,MT Ocean Voyager,Tanker,9482711,5VAB8,2019-10-18T23:56:47+00:00,32.400167,30.177775,14.03,45.2,45,Under way using engine,PORT SAID,12.8,HIGH_CORRELATION
620100001,MT Ocean Voyager,Tanker,9482711,5VAB8,2019-10-19T00:08:47+00:00,32.402569,30.180642,14.1,40.8,41,Under way using engine,PORT SAID,12.8,HIGH_CORRELATION
620100001,MT Ocean Voyager,Tanker,9482711,5VAB8,2019-10-19T00:20:47+00:00,32.405181,30.183313,14.17,47.1,47,Under way using engine,PORT SAID,12.8,HIGH_CORRELATION
620100001,MT Ocean Voyager,Tanker,9482711,5VAB8,2019-10-19T00:32:47+00:00,32.40736,30.186088,14.04,42.3,42,Under way using engine,PORT SAID,12.8,HIGH_CORRELATION
620100001,MT Ocean Voyager,Tanker,9482711,5VAB8,2019-10-19T00:44:47+00:00,32.410081,30.189018,14.51,48.1,48,Under way using engine,PORT SAID,12.8,HIGH_CORRELATION
620100001,MT Ocean Voyager,Tanker,9482711,5VAB8,2019-10-19T00:56:47+00:00,32.412047,30.191619,14.64,40.3,40,Under way using engine,PORT SAID,12.8,HIGH_CORRELATION
620100001,MT Ocean Voyager,Tanker,9482711,5VAB8,2019-10-19T01:08:47+00:00,32.414614,30.1942,14.06,45.5,46,Under way using engine,PORT SAID,12.8,HIGH_CORRELATION
620100001,MT Ocean Voyager,Tanker,9482711,5VAB8,2019-10-19T01:20:47+00:00,32.417117,30.19722,14.33,43.9,44,Under way using engine,PORT SAID,12.8,HIGH_CORRELATION
620100001,MT Ocean Voyager,Tanker,9482711,5VAB8,2019-10-19T01:32:47+00:00,32.419442,30.199868,14.2,42.5,42,Under way using engine,PORT SAID,12.8,HIGH_CORRELATION
620100001,MT Ocean Voyager,Tanker,9482711,5VAB8,2019-10-19T01:44:47+00:00,32.42206,30.202707,14.53,47.1,47,Under way using engine,PORT SAID,12.8,HIGH_CORRELATION
620100001,MT Ocean Voyager,Tanker,9482711,5VAB8,2019-10-19T01:56:47+00:00,32.424329,30.205598,14.49,44.2,44,Under way using engine,PORT SAID,12.8,HIGH_CORRELATION
620100001,MT Ocean Voyager,Tanker,9482711,5VAB8,2019-10-19T02:08:47+00:00,32.426548,30.208152,14.28,45.0,45,Under way using engine,PORT SAID,12.8,HIGH_CORRELATION
620100001,MT Ocean Voyager,Tanker,9482711,5VAB8,2019-10-19T02:20:47+00:00,32.429085,30.211154,14.08,44.8,45,Under way using engine,PORT SAID,12.8,HIGH_CORRELATION
620100001,MT Ocean Voyager,Tanker,9482711,5VAB8,2019-10-19T02:32:47+00:00,32.431193,30.213631,14.14,42.4,42,Under way using engine,PORT SAID,12.8,HIGH_CORRELATION
620100001,MT Ocean Voyager,Tanker,9482711,5VAB8,2019-10-19T02:44:47+00:00,32.433726,30.21637,14.49,43.8,44,Under way using engine,PORT SAID,12.8,HIGH_CORRELATION
620100001,MT Ocean Voyager,Tanker,9482711,5VAB8,2019-10-19T02:56:47+00:00,32.436289,30.21928,5.16,45.7,46,Under way using engine,PORT SAID,12.8,HIGH_CORRELATION
620100001,MT Ocean Voyager,Tanker,9482711,5VAB8,2019-10-19T03:08:47+00:00,32.438748,30.222268,5.5,43.4,43,Under way using engine,PORT SAID,12.8,HIGH_CORRELATION
620100001,MT Ocean Voyager,Tanker,9482711,5VAB8,2019-10-19T03:20:47+00:00,32.441052,30.224846,4.95,42.8,43,Under way using engine,PORT SAID,12.8,HIGH_CORRELATION
620100001,MT Ocean Voyager,Tanker,9482711,5VAB8,2019-10-19T03:32:47+00:00,32.443538,30.227573,5.31,44.4,44,Under way using engine,PORT SAID,12.8,HIGH_CORRELATION
620100001,MT Ocean Voyager,Tanker,9482711,5VAB8,2019-10-19T03:44:47+00:00,32.445978,30.2304,5.17,46.5,46,Under way using engine,PORT SAID,12.8,HIGH_CORRELATION
620100001,MT Ocean Voyager,Tanker,9482711,5VAB8,2019-10-19T03:56:47+00:00,32.448313,30.233311,5.28,41.9,42,Under way using engine,PORT SAID,12.8,HIGH_CORRELATION
620100001,MT Ocean Voyager,Tanker,9482711,5VAB8,2019-10-19T04:08:47+00:00,32.450768,30.235925,5.57,44.1,44,Under way using engine,PORT SAID,12.8,HIGH_CORRELATION
620100001,MT Ocean Voyager,Tanker,9482711,5VAB8,2019-10-19T04:20:47+00:00,32.453143,30.238654,5.12,44.9,45,Under way using engine,PORT SAID,12.8,HIGH_CORRELATION
620100001,MT Ocean Voyager,Tanker,9482711,5VAB8,2019-10-19T04:32:47+00:00,32.455541,30.241485,4.98,42.9,43,Under way using engine,PORT SAID,12.8,HIGH_CORRELATION
620100001,MT Ocean Voyager,Tanker,9482711,5VAB8,2019-10-19T04:44:47+00:00,32.458104,30.244312,5.51,43.4,43,Under way using engine,PORT SAID,12.8,HIGH_CORRELATION
620100001,MT Ocean Voyager,Tanker,9482711,5VAB8,2019-10-19T04:56:47+00:00,32.460498,30.246996,5.1,43.0,43,Under way using engine,PORT SAID,12.8,HIGH_CORRELATION
620100001,MT Ocean Voyager,Tanker,9482711,5VAB8,2019-10-19T05:08:47+00:00,32.46288,30.249629,5.46,45.6,46,Under way using engine,PORT SAID,12.8,HIGH_CORRELATION
620100001,MT Ocean Voyager,Tanker,9482711,5VAB8,2019-10-19T05:20:47+00:00,32.465231,30.252478,5.16,45.9,46,Under way using engine,PORT SAID,12.8,HIGH_CORRELATION
620100001,MT Ocean Voyager,Tanker,9482711,5VAB8,2019-10-19T05:32:47+00:00,32.467575,30.25535,5.55,43.5,44,Under way using engine,PORT SAID,12.8,HIGH_CORRELATION
620100001,MT Ocean Voyager,Tanker,9482711,5VAB8,2019-10-19T05:44:47+00:00,32.470028,30.25811,5.43,43.5,43,Under way using engine,PORT SAID,12.8,HIGH_CORRELATION
620100001,MT Ocean Voyager,Tanker,9482711,5VAB8,2019-10-19T05:56:47+00:00,32.472418,30.260793,5.53,41.9,42,Under way using engine,PORT SAID,12.8,HIGH_CORRELATION
620100001,MT Ocean Voyager,Tanker,9482711,5VAB8,2019-10-19T06:08:47+00:00,32.474997,30.263535,5.12,46.8,47,Under way using engine,PORT SAID,12.8,HIGH_CORRELATION
620100001,MT Ocean Voyager,Tanker,9482711,5VAB8,2019-10-19T06:20:47+00:00,32.477251,30.266385,4.91,42.4,42,Under way using engine,PORT SAID,12.8,HIGH_CORRELATION
620100001,MT Ocean Voyager,Tanker,9482711,5VAB8,2019-10-19T06:32:47+00:00,32.479716,30.269054,5.57,44.3,44,Under way using engine,PORT SAID,12.8,HIGH_CORRELATION
620100001,MT Ocean Voyager,Tanker,9482711,5VAB8,2019-10-19T07:20:47+00:00,32.504091,30.29724,5.21,44.7,45,Under way using engine,PORT SAID,12.8,HIGH_CORRELATION
620100001,MT Ocean Voyager,Tanker,9482711,5VAB8,2019-10-19T07:32:47+00:00,32.513499,30.308279,14.54,44.4,44,Under way using engine,PORT SAID,12.8,HIGH_CORRELATION
620100001,MT Ocean Voyager,Tanker,9482711,5VAB8,2019-10-19T07:44:47+00:00,32.523377,30.319733,14.63,44.2,44,Under way using engine,PORT SAID,12.8,HIGH_CORRELATION
620100001,MT Ocean Voyager,Tanker,9482711,5VAB8,2019-10-19T07:56:47+00:00,32.532999,30.330844,14.05,45.7,46,Under way using engine,PORT SAID,12.8,HIGH_CORRELATION
620100001,MT Ocean Voyager,Tanker,9482711,5VAB8,2019-10-19T08:08:47+00:00,32.542491,30.342377,14.71,43.5,43,Under way using engine,PORT SAID,12.8,HIGH_CORRELATION
620100001,MT Ocean Voyager,Tanker,9482711,5VAB8,2019-10-19T08:20:47+00:00,32.552317,30.353435,14.11,44.4,44,Under way using engine,PORT SAID,12.8,HIGH_CORRELATION
620100001,MT Ocean Voyager,Tanker,9482711,5VAB8,2019-10-19T08:32:47+00:00,32.562161,30.364869,14.08,44.0,44,Under way using engine,PORT SAID,12.8,HIGH_CORRELATION
620100001,MT Ocean Voyager,Tanker,9482711,5VAB8,2019-10-19T08:44:47+00:00,32.571824,30.375949,14.06,44.6,45,Under way using engine,PORT SAID,12.8,HIGH_CORRELATION
620100001,MT Ocean Voyager,Tanker,9482711,5VAB8,2019-10-19T08:56:47+00:00,32.581556,30.387354,14.07,44.4,44,Under way using engine,PORT SAID,12.8,HIGH_CORRELATION
620100001,MT Ocean Voyager,Tanker,9482711,5VAB8,2019-10-19T09:08:47+00:00,32.591055,30.398393,14.65,44.8,45,Under way using engine,PORT SAID,12.8,HIGH_CORRELATION
620100001,MT Ocean Voyager,Tanker,9482711,5VAB8,2019-10-19T09:20:47+00:00,32.600834,30.409936,14.07,44.1,44,Under way using engine,PORT SAID,12.8,HIGH_CORRELATION
620100001,MT Ocean Voyager,Tanker,9482711,5VAB8,2019-10-19T09:32:47+00:00,32.610631,30.421214,14.34,44.2,44,Under way using engine,PORT SAID,12.8,HIGH_CORRELATION
620100001,MT Ocean Voyager,Tanker,9482711,5VAB8,2019-10-19T09:44:47+00:00,32.62027,30.432333,14.37,44.0,44,Under way using engine,PORT SAID,12.8,HIGH_CORRELATION
620100001,MT Ocean Voyager,Tanker,9482711,5VAB8,2019-10-19T09:56:47+00:00,32.630032,30.443517,14.6,44.5,45,Under way using engine,PORT SAID,12.8,HIGH_CORRELATION
620100001,MT Ocean Voyager,Tanker,9482711,5VAB8,2019-10-19T10:08:47+00:00,32.639749,30.454876,14.3,44.2,44,Under way using engine,PORT SAID,12.8,HIGH_CORRELATION
620100001,MT Ocean Voyager,Tanker,9482711,5VAB8,2019-10-19T10:20:47+00:00,32.649469,30.466093,14.18,44.9,45,Under way using engine,PORT SAID,12.8,HIGH_CORRELATION
620100001,MT Ocean Voyager,Tanker,9482711,5VAB8,2019-10-19T10:32:47+00:00,32.659107,30.477498,14.79,43.9,44,Under way using engine,PORT SAID,12.8,HIGH_CORRELATION
620100001,MT Ocean Voyager,Tanker,9482711,5VAB8,2019-10-19T10:44:47+00:00,32.66881,30.488589,14.78,44.0,44,Under way using engine,PORT SAID,12.8,HIGH_CORRELATION
620100001,MT Ocean Voyager,Tanker,9482711,5VAB8,2019-10-19T10:56:47+00:00,32.678728,30.499974,14.56,44.1,44,Under way using engine,PORT SAID,12.8,HIGH_CORRELATION
620100001,MT Ocean Voyager,Tanker,9482711,5VAB8,2019-10-19T11:08:47+00:00,32.688415,30.511123,14.47,45.5,45,Under way using engine,PORT SAID,12.8,HIGH_CORRELATION
620100001,MT Ocean Voyager,Tanker,9482711,5VAB8,2019-10-19T11:20:47+00:00,32.697889,30.522564,14.5,44.2,44,Under way using engine,PORT SAID,12.8,HIGH_CORRELATION
620100001,MT Ocean Voyager,Tanker,9482711,5VAB8,2019-10-19T11:32:47+00:00,32.707516,30.533673,14.37,43.5,43,Under way using engine,PORT SAID,12.8,HIGH_CORRELATION
620100001,MT Ocean Voyager,Tanker,9482711,5VAB8,2019-10-19T11:44:47+00:00,32.717403,30.544819,14.06,45.5,45,Under way using engine,PORT SAID,12.8,HIGH_CORRELATION
620100001,MT Ocean Voyager,Tanker,9482711,5VAB8,2019-10-19T11:56:47+00:00,32.727034,30.556454,14.25,44.0,44,Under way using engine,PORT SAID,12.8,HIGH_CORRELATION
620100001,MT Ocean Voyager,Tanker,9482711,5VAB8,2019-10-19T12:08:47+00:00,32.736757,30.56763,14.13,45.1,45,Under way using engine,PORT SAID,12.8,HIGH_CORRELATION
620100001,MT Ocean Voyager,Tanker,9482711,5VAB8,2019-10-19T12:20:47+00:00,32.746268,30.578983,14.75,43.4,43,Under way using engine,PORT SAID,12.8,HIGH_CORRELATION
620100001,MT Ocean Voyager,Tanker,9482711,5VAB8,2019-10-19T12:32:47+00:00,32.756093,30.590038,14.65,45.2,45,Under way using engine,PORT SAID,12.8,HIGH_CORRELATION
620100001,MT Ocean Voyager,Tanker,9482711,5VAB8,2019-10-19T12:44:47+00:00,32.765629,30.601469,14.78,43.5,43,Under way using engine,PORT SAID,12.8,HIGH_CORRELATION
620100001,MT Ocean Voyager,Tanker,9482711,5VAB8,2019-10-19T12:56:47+00:00,32.775528,30.612628,14.37,43.5,43,Under way using engine,PORT SAID,12.8,HIGH_CORRELATION
620100002,MV Nord Trader,Bulk Carrier,9355182,V3RK4,2019-10-18T06:56:47+00:00,32.125341,30.11254,11.73,22.9,23,Under way using engine,ALEXANDRIA,9.4,MODERATE_CORRELATION
620100002,MV Nord Trader,Bulk Carrier,9355182,V3RK4,2019-10-18T07:08:47+00:00,32.129623,30.114679,12.3,22.8,23,Under way using engine,ALEXANDRIA,9.4,MODERATE_CORRELATION
620100002,MV Nord Trader,Bulk Carrier,9355182,V3RK4,2019-10-18T07:20:47+00:00,32.133696,30.116702,12.16,21.4,21,Under way using engine,ALEXANDRIA,9.4,MODERATE_CORRELATION
620100002,MV Nord Trader,Bulk Carrier,9355182,V3RK4,2019-10-18T07:32:47+00:00,32.137761,30.118586,11.78,24.8,25,Under way using engine,ALEXANDRIA,9.4,MODERATE_CORRELATION
620100002,MV Nord Trader,Bulk Carrier,9355182,V3RK4,2019-10-18T07:44:47+00:00,32.141902,30.120847,11.84,23.5,23,Under way using engine,ALEXANDRIA,9.4,MODERATE_CORRELATION
620100002,MV Nord Trader,Bulk Carrier,9355182,V3RK4,2019-10-18T07:56:47+00:00,32.146094,30.122998,11.91,20.9,21,Under way using engine,ALEXANDRIA,9.4,MODERATE_CORRELATION
620100002,MV Nord Trader,Bulk Carrier,9355182,V3RK4,2019-10-18T08:08:47+00:00,32.150119,30.124818,12.01,25.3,25,Under way using engine,ALEXANDRIA,9.4,MODERATE_CORRELATION
620100002,MV Nord Trader,Bulk Carrier,9355182,V3RK4,2019-10-18T08:20:47+00:00,32.154194,30.127097,12.21,22.2,22,Under way using engine,ALEXANDRIA,9.4,MODERATE_CORRELATION
620100002,MV Nord Trader,Bulk Carrier,9355182,V3RK4,2019-10-18T08:32:47+00:00,32.158487,30.129166,12.23,22.4,22,Under way using engine,ALEXANDRIA,9.4,MODERATE_CORRELATION
620100002,MV Nord Trader,Bulk Carrier,9355182,V3RK4,2019-10-18T08:44:47+00:00,32.162276,30.131012,11.72,23.7,24,Under way using engine,ALEXANDRIA,9.4,MODERATE_CORRELATION
620100002,MV Nord Trader,Bulk Carrier,9355182,V3RK4,2019-10-18T08:56:47+00:00,32.16654,30.133225,12.12,21.7,22,Under way using engine,ALEXANDRIA,9.4,MODERATE_CORRELATION
620100002,MV Nord Trader,Bulk Carrier,9355182,V3RK4,2019-10-18T09:08:47+00:00,32.17053,30.135102,11.71,20.8,21,Under way using engine,ALEXANDRIA,9.4,MODERATE_CORRELATION
620100002,MV Nord Trader,Bulk Carrier,9355182,V3RK4,2019-10-18T09:20:47+00:00,32.174777,30.137009,11.94,24.6,25,Under way using engine,ALEXANDRIA,9.4,MODERATE_CORRELATION
620100002,MV Nord Trader,Bulk Carrier,9355182,V3RK4,2019-10-18T09:32:47+00:00,32.178857,30.13922,11.91,22.8,23,Under way using engine,ALEXANDRIA,9.4,MODERATE_CORRELATION
620100002,MV Nord Trader,Bulk Carrier,9355182,V3RK4,2019-10-18T09:44:47+00:00,32.183016,30.14129,11.94,23.5,23,Under way using engine,ALEXANDRIA,9.4,MODERATE_CORRELATION
620100002,MV Nord Trader,Bulk Carrier,9355182,V3RK4,2019-10-18T09:56:47+00:00,32.187062,30.143365,12.27,24.0,24,Under way using engine,ALEXANDRIA,9.4,MODERATE_CORRELATION
620100002,MV Nord Trader,Bulk Carrier,9355182,V3RK4,2019-10-18T10:08:47+00:00,32.190891,30.145375,11.98,22.6,23,Under way using engine,ALEXANDRIA,9.4,MODERATE_CORRELATION
620100002,MV Nord Trader,Bulk Carrier,9355182,V3RK4,2019-10-18T10:20:47+00:00,32.195158,30.14747,11.9,23.9,24,Under way using engine,ALEXANDRIA,9.4,MODERATE_CORRELATION
620100002,MV Nord Trader,Bulk Carrier,9355182,V3RK4,2019-10-18T10:32:47+00:00,32.199126,30.149545,11.75,22.6,23,Under way using engine,ALEXANDRIA,9.4,MODERATE_CORRELATION
620100002,MV Nord Trader,Bulk Carrier,9355182,V3RK4,2019-10-18T10:44:47+00:00,32.203244,30.151576,11.91,22.9,23,Under way using engine,ALEXANDRIA,9.4,MODERATE_CORRELATION
620100002,MV Nord Trader,Bulk Carrier,9355182,V3RK4,2019-10-18T10:56:47+00:00,32.207445,30.153671,12.1,21.7,22,Under way using engine,ALEXANDRIA,9.4,MODERATE_CORRELATION
620100002,MV Nord Trader,Bulk Carrier,9355182,V3RK4,2019-10-18T11:08:47+00:00,32.211504,30.155577,11.72,22.7,23,Under way using engine,ALEXANDRIA,9.4,MODERATE_CORRELATION
620100002,MV Nord Trader,Bulk Carrier,9355182,V3RK4,2019-10-18T11:20:47+00:00,32.215593,30.157594,11.81,24.0,24,Under way using engine,ALEXANDRIA,9.4,MODERATE_CORRELATION
620100002,MV Nord Trader,Bulk Carrier,9355182,V3RK4,2019-10-18T11:32:47+00:00,32.2196,30.159703,11.92,21.5,22,Under way using engine,ALEXANDRIA,9.4,MODERATE_CORRELATION
620100002,MV Nord Trader,Bulk Carrier,9355182,V3RK4,2019-10-18T11:44:47+00:00,32.224038,30.161774,11.72,24.9,25,Under way using engine,ALEXANDRIA,9.4,MODERATE_CORRELATION
620100002,MV Nord Trader,Bulk Carrier,9355182,V3RK4,2019-10-18T11:56:47+00:00,32.22799,30.16394,11.75,21.8,22,Under way using engine,ALEXANDRIA,9.4,MODERATE_CORRELATION
620100002,MV Nord Trader,Bulk Carrier,9355182,V3RK4,2019-10-18T12:08:47+00:00,32.232025,30.165846,12.18,24.0,24,Under way using engine,ALEXANDRIA,9.4,MODERATE_CORRELATION
620100002,MV Nord Trader,Bulk Carrier,9355182,V3RK4,2019-10-18T12:20:47+00:00,32.236061,30.167975,11.83,19.8,20,Under way using engine,ALEXANDRIA,9.4,MODERATE_CORRELATION
620100002,MV Nord Trader,Bulk Carrier,9355182,V3RK4,2019-10-18T12:32:47+00:00,32.240204,30.169736,12.07,23.2,23,Under way using engine,ALEXANDRIA,9.4,MODERATE_CORRELATION
620100002,MV Nord Trader,Bulk Carrier,9355182,V3RK4,2019-10-18T12:44:47+00:00,32.244267,30.171795,12.15,24.7,25,Under way using engine,ALEXANDRIA,9.4,MODERATE_CORRELATION
620100002,MV Nord Trader,Bulk Carrier,9355182,V3RK4,2019-10-18T12:56:47+00:00,32.248484,30.174095,12.01,23.5,23,Under way using engine,ALEXANDRIA,9.4,MODERATE_CORRELATION
620100002,MV Nord Trader,Bulk Carrier,9355182,V3RK4,2019-10-18T13:08:47+00:00,32.252427,30.17612,11.97,23.4,23,Under way using engine,ALEXANDRIA,9.4,MODERATE_CORRELATION
620100002,MV Nord Trader,Bulk Carrier,9355182,V3RK4,2019-10-18T13:20:47+00:00,32.256461,30.178181,11.86,22.0,22,Under way using engine,ALEXANDRIA,9.4,MODERATE_CORRELATION
620100002,MV Nord Trader,Bulk Carrier,9355182,V3RK4,2019-10-18T13:32:47+00:00,32.260701,30.180205,11.89,22.1,22,Under way using engine,ALEXANDRIA,9.4,MODERATE_CORRELATION
620100002,MV Nord Trader,Bulk Carrier,9355182,V3RK4,2019-10-18T13:44:47+00:00,32.264752,30.18215,11.77,24.4,24,Under way using engine,ALEXANDRIA,9.4,MODERATE_CORRELATION
620100002,MV Nord Trader,Bulk Carrier,9355182,V3RK4,2019-10-18T13:56:47+00:00,32.268936,30.184398,12.11,23.6,24,Under way using engine,ALEXANDRIA,9.4,MODERATE_CORRELATION
620100002,MV Nord Trader,Bulk Carrier,9355182,V3RK4,2019-10-18T14:08:47+00:00,32.273011,30.186504,11.75,21.3,21,Under way using engine,ALEXANDRIA,9.4,MODERATE_CORRELATION
620100002,MV Nord Trader,Bulk Carrier,9355182,V3RK4,2019-10-18T14:20:47+00:00,32.277347,30.188506,12.15,23.5,23,Under way using engine,ALEXANDRIA,9.4,MODERATE_CORRELATION
620100002,MV Nord Trader,Bulk Carrier,9355182,V3RK4,2019-10-18T14:32:47+00:00,32.281104,30.190435,11.87,20.7,21,Under way using engine,ALEXANDRIA,9.4,MODERATE_CORRELATION
620100002,MV Nord Trader,Bulk Carrier,9355182,V3RK4,2019-10-18T14:44:47+00:00,32.285444,30.192371,12.04,26.3,26,Under way using engine,ALEXANDRIA,9.4,MODERATE_CORRELATION
620100002,MV Nord Trader,Bulk Carrier,9355182,V3RK4,2019-10-18T14:56:47+00:00,32.289263,30.194608,11.76,21.3,21,Under way using engine,ALEXANDRIA,9.4,MODERATE_CORRELATION
620100002,MV Nord Trader,Bulk Carrier,9355182,V3RK4,2019-10-18T15:08:47+00:00,32.293454,30.196537,11.8,22.7,23,Under way using engine,ALEXANDRIA,9.4,MODERATE_CORRELATION
620100002,MV Nord Trader,Bulk Carrier,9355182,V3RK4,2019-10-18T15:20:47+00:00,32.297538,30.198562,11.8,25.5,25,Under way using engine,ALEXANDRIA,9.4,MODERATE_CORRELATION
620100002,MV Nord Trader,Bulk Carrier,9355182,V3RK4,2019-10-18T15:32:47+00:00,32.301445,30.200766,12.29,20.3,20,Under way using engine,ALEXANDRIA,9.4,MODERATE_CORRELATION
620100002,MV Nord Trader,Bulk Carrier,9355182,V3RK4,2019-10-18T15:44:47+00:00,32.305769,30.202656,12.28,23.8,24,Under way using engine,ALEXANDRIA,9.4,MODERATE_CORRELATION
620100002,MV Nord Trader,Bulk Carrier,9355182,V3RK4,2019-10-18T15:56:47+00:00,32.309914,30.204822,11.85,21.5,22,Under way using engine,ALEXANDRIA,9.4,MODERATE_CORRELATION
620100002,MV Nord Trader,Bulk Carrier,9355182,V3RK4,2019-10-18T16:08:47+00:00,32.314038,30.206746,12.26,24.6,25,Under way using engine,ALEXANDRIA,9.4,MODERATE_CORRELATION
620100002,MV Nord Trader,Bulk Carrier,9355182,V3RK4,2019-10-18T16:20:47+00:00,32.31829,30.209055,11.87,23.2,23,Under way using engine,ALEXANDRIA,9.4,MODERATE_CORRELATION
620100002,MV Nord Trader,Bulk Carrier,9355182,V3RK4,2019-10-18T16:32:47+00:00,32.322117,30.210999,11.89,19.1,19,Under way using engine,ALEXANDRIA,9.4,MODERATE_CORRELATION
620100002,MV Nord Trader,Bulk Carrier,9355182,V3RK4,2019-10-18T16:44:47+00:00,32.326308,30.212716,11.85,24.7,25,Under way using engine,ALEXANDRIA,9.4,MODERATE_CORRELATION
620100002,MV Nord Trader,Bulk Carrier,9355182,V3RK4,2019-10-18T16:56:47+00:00,32.330404,30.214949,11.87,24.8,25,Under way using engine,ALEXANDRIA,9.4,MODERATE_CORRELATION
620100002,MV Nord Trader,Bulk Carrier,9355182,V3RK4,2019-10-18T17:08:47+00:00,32.334362,30.217115,11.99,22.4,22,Under way using engine,ALEXANDRIA,9.4,MODERATE_CORRELATION
620100002,MV Nord Trader,Bulk Carrier,9355182,V3RK4,2019-10-18T17:20:47+00:00,32.338508,30.219141,11.9,23.6,24,Under way using engine,ALEXANDRIA,9.4,MODERATE_CORRELATION
620100002,MV Nord Trader,Bulk Carrier,9355182,V3RK4,2019-10-18T17:32:47+00:00,32.342611,30.221261,12.11,23.0,23,Under way using engine,ALEXANDRIA,9.4,MODERATE_CORRELATION
620100002,MV Nord Trader,Bulk Carrier,9355182,V3RK4,2019-10-18T17:44:47+00:00,32.346821,30.223378,11.98,21.5,21,Under way using engine,ALEXANDRIA,9.4,MODERATE_CORRELATION
620100002,MV Nord Trader,Bulk Carrier,9355182,V3RK4,2019-10-18T17:56:47+00:00,32.350689,30.22518,12.26,22.3,22,Under way using engine,ALEXANDRIA,9.4,MODERATE_CORRELATION
620100002,MV Nord Trader,Bulk Carrier,9355182,V3RK4,2019-10-18T18:08:47+00:00,32.355001,30.227271,12.26,25.0,25,Under way using engine,ALEXANDRIA,9.4,MODERATE_CORRELATION
620100002,MV Nord Trader,Bulk Carrier,9355182,V3RK4,2019-10-18T18:20:47+00:00,32.35911,30.229539,12.21,20.9,21,Under way using engine,ALEXANDRIA,9.4,MODERATE_CORRELATION
620100002,MV Nord Trader,Bulk Carrier,9355182,V3RK4,2019-10-18T18:32:47+00:00,32.363192,30.231388,11.82,23.3,23,Under way using engine,ALEXANDRIA,9.4,MODERATE_CORRELATION
620100002,MV Nord Trader,Bulk Carrier,9355182,V3RK4,2019-10-18T18:44:47+00:00,32.367224,30.233446,12.19,24.9,25,Under way using engine,ALEXANDRIA,9.4,MODERATE_CORRELATION
620100002,MV Nord Trader,Bulk Carrier,9355182,V3RK4,2019-10-18T18:56:47+00:00,32.371383,30.235734,11.92,22.0,22,Under way using engine,ALEXANDRIA,9.4,MODERATE_CORRELATION
620100002,MV Nord Trader,Bulk Carrier,9355182,V3RK4,2019-10-18T19:08:47+00:00,32.375424,30.23767,12.19,21.8,22,Under way using engine,ALEXANDRIA,9.4,MODERATE_CORRELATION
620100002,MV Nord Trader,Bulk Carrier,9355182,V3RK4,2019-10-18T19:20:47+00:00,32.379345,30.239524,11.98,21.6,22,Under way using engine,ALEXANDRIA,9.4,MODERATE_CORRELATION
620100002,MV Nord Trader,Bulk Carrier,9355182,V3RK4,2019-10-18T19:32:47+00:00,32.383752,30.241589,12.0,23.9,24,Under way using engine,ALEXANDRIA,9.4,MODERATE_CORRELATION
620100002,MV Nord Trader,Bulk Carrier,9355182,V3RK4,2019-10-18T19:44:47+00:00,32.387777,30.2437,11.93,22.9,23,Under way using engine,ALEXANDRIA,9.4,MODERATE_CORRELATION
620100002,MV Nord Trader,Bulk Carrier,9355182,V3RK4,2019-10-18T19:56:47+00:00,32.391931,30.24578,12.07,25.2,25,Under way using engine,ALEXANDRIA,9.4,MODERATE_CORRELATION
620100002,MV Nord Trader,Bulk Carrier,9355182,V3RK4,2019-10-18T20:08:47+00:00,32.395791,30.247934,11.78,22.0,22,Under way using engine,ALEXANDRIA,9.4,MODERATE_CORRELATION
620100002,MV Nord Trader,Bulk Carrier,9355182,V3RK4,2019-10-18T20:20:47+00:00,32.400088,30.249993,12.02,22.0,22,Under way using engine,ALEXANDRIA,9.4,MODERATE_CORRELATION
620100002,MV Nord Trader,Bulk Carrier,9355182,V3RK4,2019-10-18T20:32:47+00:00,32.404152,30.251942,11.79,22.4,22,Under way using engine,ALEXANDRIA,9.4,MODERATE_CORRELATION
620100002,MV Nord Trader,Bulk Carrier,9355182,V3RK4,2019-10-18T20:44:47+00:00,32.408123,30.253884,12.15,22.6,23,Under way using engine,ALEXANDRIA,9.4,MODERATE_CORRELATION
620100002,MV Nord Trader,Bulk Carrier,9355182,V3RK4,2019-10-18T20:56:47+00:00,32.412336,30.255967,12.16,24.4,24,Under way using engine,ALEXANDRIA,9.4,MODERATE_CORRELATION
620100002,MV Nord Trader,Bulk Carrier,9355182,V3RK4,2019-10-18T21:08:47+00:00,32.416392,30.258146,12.19,21.0,21,Under way using engine,ALEXANDRIA,9.4,MODERATE_CORRELATION
620100002,MV Nord Trader,Bulk Carrier,9355182,V3RK4,2019-10-18T21:20:47+00:00,32.420497,30.260014,12.18,23.4,23,Under way using engine,ALEXANDRIA,9.4,MODERATE_CORRELATION
620100002,MV Nord Trader,Bulk Carrier,9355182,V3RK4,2019-10-18T21:32:47+00:00,32.424579,30.262106,12.13,24.1,24,Under way using engine,ALEXANDRIA,9.4,MODERATE_CORRELATION
620100002,MV Nord Trader,Bulk Carrier,9355182,V3RK4,2019-10-18T21:44:47+00:00,32.428806,30.264345,12.12,23.1,23,Under way using engine,ALEXANDRIA,9.4,MODERATE_CORRELATION
620100002,MV Nord Trader,Bulk Carrier,9355182,V3RK4,2019-10-18T21:56:47+00:00,32.432654,30.266287,11.91,24.2,24,Under way using engine,ALEXANDRIA,9.4,MODERATE_CORRELATION
620100002,MV Nord Trader,Bulk Carrier,9355182,V3RK4,2019-10-18T22:08:47+00:00,32.436737,30.268457,11.98,23.0,23,Under way using engine,ALEXANDRIA,9.4,MODERATE_CORRELATION
620100002,MV Nord Trader,Bulk Carrier,9355182,V3RK4,2019-10-18T22:20:47+00:00,32.44103,30.27062,12.07,21.0,21,Under way using engine,ALEXANDRIA,9.4,MODERATE_CORRELATION
620100002,MV Nord Trader,Bulk Carrier,9355182,V3RK4,2019-10-18T22:32:47+00:00,32.445121,30.272477,12.12,22.5,23,Under way using engine,ALEXANDRIA,9.4,MODERATE_CORRELATION
620100002,MV Nord Trader,Bulk Carrier,9355182,V3RK4,2019-10-18T22:44:47+00:00,32.449229,30.274498,11.79,22.9,23,Under way using engine,ALEXANDRIA,9.4,MODERATE_CORRELATION
620100002,MV Nord Trader,Bulk Carrier,9355182,V3RK4,2019-10-18T22:56:47+00:00,32.453493,30.276637,11.95,22.5,22,Under way using engine,ALEXANDRIA,9.4,MODERATE_CORRELATION
620100002,MV Nord Trader,Bulk Carrier,9355182,V3RK4,2019-10-18T23:08:47+00:00,32.457421,30.278561,12.26,23.2,23,Under way using engine,ALEXANDRIA,9.4,MODERATE_CORRELATION
620100002,MV Nord Trader,Bulk Carrier,9355182,V3RK4,2019-10-18T23:20:47+00:00,32.461401,30.280587,12.29,21.8,22,Under way using engine,ALEXANDRIA,9.4,MODERATE_CORRELATION
620100002,MV Nord Trader,Bulk Carrier,9355182,V3RK4,2019-10-18T23:32:47+00:00,32.465851,30.282701,11.94,23.3,23,Under way using engine,ALEXANDRIA,9.4,MODERATE_CORRELATION
620100002,MV Nord Trader,Bulk Carrier,9355182,V3RK4,2019-10-18T23:44:47+00:00,32.469679,30.284655,12.18,20.5,20,Under way using engine,ALEXANDRIA,9.4,MODERATE_CORRELATION
620100002,MV Nord Trader,Bulk Carrier,9355182,V3RK4,2019-10-18T23:56:47+00:00,32.473878,30.286514,12.25,25.0,25,Under way using engine,ALEXANDRIA,9.4,MODERATE_CORRELATION
620100002,MV Nord Trader,Bulk Carrier,9355182,V3RK4,2019-10-19T00:08:47+00:00,32.477761,30.288666,12.14,24.0,24,Under way using engine,ALEXANDRIA,9.4,MODERATE_CORRELATION
620100002,MV Nord Trader,Bulk Carrier,9355182,V3RK4,2019-10-19T00:20:47+00:00,32.481838,30.290818,11.97,22.2,22,Under way using engine,ALEXANDRIA,9.4,MODERATE_CORRELATION
620100002,MV Nord Trader,Bulk Carrier,9355182,V3RK4,2019-10-19T00:32:47+00:00,32.486061,30.292865,12.0,22.5,22,Under way using engine,ALEXANDRIA,9.4,MODERATE_CORRELATION
620100002,MV Nord Trader,Bulk Carrier,9355182,V3RK4,2019-10-19T00:44:47+00:00,32.490263,30.294926,11.92,23.6,24,Under way using engine,ALEXANDRIA,9.4,MODERATE_CORRELATION
620100002,MV Nord Trader,Bulk Carrier,9355182,V3RK4,2019-10-19T00:56:47+00:00,32.494465,30.297103,11.71,23.7,24,Under way using engine,ALEXANDRIA,9.4,MODERATE_CORRELATION
620100002,MV Nord Trader,Bulk Carrier,9355182,V3RK4,2019-10-19T01:08:47+00:00,32.498276,30.299091,12.28,20.9,21,Under way using engine,ALEXANDRIA,9.4,MODERATE_CORRELATION
620100002,MV Nord Trader,Bulk Carrier,9355182,V3RK4,2019-10-19T01:20:47+00:00,32.502449,30.300977,11.75,24.0,24,Under way using engine,ALEXANDRIA,9.4,MODERATE_CORRELATION
620100002,MV Nord Trader,Bulk Carrier,9355182,V3RK4,2019-10-19T01:32:47+00:00,32.506573,30.303152,12.06,22.7,23,Under way using engine,ALEXANDRIA,9.4,MODERATE_CORRELATION
620100002,MV Nord Trader,Bulk Carrier,9355182,V3RK4,2019-10-19T01:44:47+00:00,32.510672,30.305183,11.83,23.1,23,Under way using engine,ALEXANDRIA,9.4,MODERATE_CORRELATION
620100002,MV Nord Trader,Bulk Carrier,9355182,V3RK4,2019-10-19T01:56:47+00:00,32.514757,30.30725,11.81,22.1,22,Under way using engine,ALEXANDRIA,9.4,MODERATE_CORRELATION
620100002,MV Nord Trader,Bulk Carrier,9355182,V3RK4,2019-10-19T02:08:47+00:00,32.518863,30.309229,12.04,20.1,20,Under way using engine,ALEXANDRIA,9.4,MODERATE_CORRELATION
620100002,MV Nord Trader,Bulk Carrier,9355182,V3RK4,2019-10-19T02:20:47+00:00,32.523102,30.311066,11.96,23.5,24,Under way using engine,ALEXANDRIA,9.4,MODERATE_CORRELATION
620100002,MV Nord Trader,Bulk Carrier,9355182,V3RK4,2019-10-19T02:32:47+00:00,32.527186,30.313173,11.79,25.2,25,Under way using engine,ALEXANDRIA,9.4,MODERATE_CORRELATION
620100002,MV Nord Trader,Bulk Carrier,9355182,V3RK4,2019-10-19T02:44:47+00:00,32.531188,30.315404,12.27,23.2,23,Under way using engine,ALEXANDRIA,9.4,MODERATE_CORRELATION
620100002,MV Nord Trader,Bulk Carrier,9355182,V3RK4,2019-10-19T02:56:47+00:00,32.535115,30.3174,12.09,23.0,23,Under way using engine,ALEXANDRIA,9.4,MODERATE_CORRELATION
620100002,MV Nord Trader,Bulk Carrier,9355182,V3RK4,2019-10-19T03:08:47+00:00,32.539317,30.31952,11.79,23.5,24,Under way using engine,ALEXANDRIA,9.4,MODERATE_CORRELATION
620100002,MV Nord Trader,Bulk Carrier,9355182,V3RK4,2019-10-19T03:20:47+00:00,32.543545,30.321703,11.72,40.8,41,Under way using engine,ALEXANDRIA,9.4,MODERATE_CORRELATION
620100002,MV Nord Trader,Bulk Carrier,9355182,V3RK4,2019-10-19T03:32:47+00:00,32.54764,30.325896,12.1,52.5,52,Under way using engine,ALEXANDRIA,9.4,MODERATE_CORRELATION
620100002,MV Nord Trader,Bulk Carrier,9355182,V3RK4,2019-10-19T03:44:47+00:00,32.552079,30.332754,12.09,51.7,52,Under way using engine,ALEXANDRIA,9.4,MODERATE_CORRELATION
620100002,MV Nord Trader,Bulk Carrier,9355182,V3RK4,2019-10-19T03:56:47+00:00,32.556518,30.339419,11.85,51.7,52,Under way using engine,ALEXANDRIA,9.4,MODERATE_CORRELATION
620100002,MV Nord Trader,Bulk Carrier,9355182,V3RK4,2019-10-19T04:08:47+00:00,32.561045,30.346223,12.2,50.9,51,Under way using engine,ALEXANDRIA,9.4,MODERATE_CORRELATION
620100002,MV Nord Trader,Bulk Carrier,9355182,V3RK4,2019-10-19T04:20:47+00:00,32.565559,30.352815,11.82,53.0,53,Under way using engine,ALEXANDRIA,9.4,MODERATE_CORRELATION
620100002,MV Nord Trader,Bulk Carrier,9355182,V3RK4,2019-10-19T04:32:47+00:00,32.569875,30.359622,11.71,54.4,54,Under way using engine,ALEXANDRIA,9.4,MODERATE_CORRELATION
620100002,MV Nord Trader,Bulk Carrier,9355182,V3RK4,2019-10-19T04:44:47+00:00,32.57407,30.366566,12.24,51.1,51,Under way using engine,ALEXANDRIA,9.4,MODERATE_CORRELATION
620100002,MV Nord Trader,Bulk Carrier,9355182,V3RK4,2019-10-19T04:56:47+00:00,32.578606,30.373231,11.86,49.8,50,Under way using engine,ALEXANDRIA,9.4,MODERATE_CORRELATION
620100002,MV Nord Trader,Bulk Carrier,9355182,V3RK4,2019-10-19T05:08:47+00:00,32.583211,30.379688,11.86,55.1,55,Under way using engine,ALEXANDRIA,9.4,MODERATE_CORRELATION
620100002,MV Nord Trader,Bulk Carrier,9355182,V3RK4,2019-10-19T05:20:47+00:00,32.587372,30.386775,12.03,51.4,51,Under way using engine,ALEXANDRIA,9.4,MODERATE_CORRELATION
620100002,MV Nord Trader,Bulk Carrier,9355182,V3RK4,2019-10-19T05:32:47+00:00,32.591746,30.393282,12.27,51.7,52,Under way using engine,ALEXANDRIA,9.4,MODERATE_CORRELATION
620100002,MV Nord Trader,Bulk Carrier,9355182,V3RK4,2019-10-19T05:44:47+00:00,32.596288,30.400114,12.22,51.0,51,Under way using engine,ALEXANDRIA,9.4,MODERATE_CORRELATION
620100002,MV Nord Trader,Bulk Carrier,9355182,V3RK4,2019-10-19T05:56:47+00:00,32.60086,30.406807,12.18,52.9,53,Under way using engine,ALEXANDRIA,9.4,MODERATE_CORRELATION
620100002,MV Nord Trader,Bulk Carrier,9355182,V3RK4,2019-10-19T06:08:47+00:00,32.605148,30.413542,11.86,50.8,51,Under way using engine,ALEXANDRIA,9.4,MODERATE_CORRELATION
620100002,MV Nord Trader,Bulk Carrier,9355182,V3RK4,2019-10-19T06:20:47+00:00,32.609821,30.420351,11.85,53.0,53,Under way using engine,ALEXANDRIA,9.4,MODERATE_CORRELATION
620100002,MV Nord Trader,Bulk Carrier,9355182,V3RK4,2019-10-19T06:32:47+00:00,32.614043,30.427003,12.29,53.1,53,Under way using engine,ALEXANDRIA,9.4,MODERATE_CORRELATION
620100002,MV Nord Trader,Bulk Carrier,9355182,V3RK4,2019-10-19T06:44:47+00:00,32.618319,30.433768,11.86,50.7,51,Under way using engine,ALEXANDRIA,9.4,MODERATE_CORRELATION
620100002,MV Nord Trader,Bulk Carrier,9355182,V3RK4,2019-10-19T06:56:47+00:00,32.622888,30.440397,11.86,51.6,52,Under way using engine,ALEXANDRIA,9.4,MODERATE_CORRELATION
620100002,MV Nord Trader,Bulk Carrier,9355182,V3RK4,2019-10-19T07:08:47+00:00,32.62749,30.447303,12.2,53.3,53,Under way using engine,ALEXANDRIA,9.4,MODERATE_CORRELATION
620100002,MV Nord Trader,Bulk Carrier,9355182,V3RK4,2019-10-19T07:20:47+00:00,32.631736,30.454067,12.06,52.7,53,Under way using engine,ALEXANDRIA,9.4,MODERATE_CORRELATION
620100002,MV Nord Trader,Bulk Carrier,9355182,V3RK4,2019-10-19T07:32:47+00:00,32.636031,30.460756,12.25,51.9,52,Under way using engine,ALEXANDRIA,9.4,MODERATE_CORRELATION
620100002,MV Nord Trader,Bulk Carrier,9355182,V3RK4,2019-10-19T07:44:47+00:00,32.640369,30.467314,12.01,51.7,52,Under way using engine,ALEXANDRIA,9.4,MODERATE_CORRELATION
620100002,MV Nord Trader,Bulk Carrier,9355182,V3RK4,2019-10-19T07:56:47+00:00,32.644939,30.474199,12.06,51.6,52,Under way using engine,ALEXANDRIA,9.4,MODERATE_CORRELATION
620100002,MV Nord Trader,Bulk Carrier,9355182,V3RK4,2019-10-19T08:08:47+00:00,32.649334,30.480775,11.87,51.1,51,Under way using engine,ALEXANDRIA,9.4,MODERATE_CORRELATION
620100002,MV Nord Trader,Bulk Carrier,9355182,V3RK4,2019-10-19T08:20:47+00:00,32.65395,30.487564,11.88,54.9,55,Under way using engine,ALEXANDRIA,9.4,MODERATE_CORRELATION
620100002,MV Nord Trader,Bulk Carrier,9355182,V3RK4,2019-10-19T08:32:47+00:00,32.658142,30.494653,12.1,50.4,50,Under way using engine,ALEXANDRIA,9.4,MODERATE_CORRELATION
620100002,MV Nord Trader,Bulk Carrier,9355182,V3RK4,2019-10-19T08:44:47+00:00,32.662667,30.501144,11.83,52.5,52,Under way using engine,ALEXANDRIA,9.4,MODERATE_CORRELATION
620100002,MV Nord Trader,Bulk Carrier,9355182,V3RK4,2019-10-19T08:56:47+00:00,32.667021,30.507875,12.0,53.1,53,Under way using engine,ALEXANDRIA,9.4,MODERATE_CORRELATION
620100002,MV Nord Trader,Bulk Carrier,9355182,V3RK4,2019-10-19T09:08:47+00:00,32.671331,30.514699,12.16,51.4,51,Under way using engine,ALEXANDRIA,9.4,MODERATE_CORRELATION
620100002,MV Nord Trader,Bulk Carrier,9355182,V3RK4,2019-10-19T09:20:47+00:00,32.675918,30.521514,12.11,52.1,52,Under way using engine,ALEXANDRIA,9.4,MODERATE_CORRELATION
620100002,MV Nord Trader,Bulk Carrier,9355182,V3RK4,2019-10-19T09:32:47+00:00,32.680186,30.528034,12.19,51.3,51,Under way using engine,ALEXANDRIA,9.4,MODERATE_CORRELATION
620100002,MV Nord Trader,Bulk Carrier,9355182,V3RK4,2019-10-19T09:44:47+00:00,32.684826,30.534908,11.86,53.7,54,Under way using engine,ALEXANDRIA,9.4,MODERATE_CORRELATION
620100002,MV Nord Trader,Bulk Carrier,9355182,V3RK4,2019-10-19T09:56:47+00:00,32.689008,30.541662,11.75,50.8,51,Under way using engine,ALEXANDRIA,9.4,MODERATE_CORRELATION
620100002,MV Nord Trader,Bulk Carrier,9355182,V3RK4,2019-10-19T10:08:47+00:00,32.693598,30.548346,11.81,51.1,51,Under way using engine,ALEXANDRIA,9.4,MODERATE_CORRELATION
620100002,MV Nord Trader,Bulk Carrier,9355182,V3RK4,2019-10-19T10:20:47+00:00,32.698133,30.555033,12.14,52.8,53,Under way using engine,ALEXANDRIA,9.4,MODERATE_CORRELATION
620100002,MV Nord Trader,Bulk Carrier,9355182,V3RK4,2019-10-19T10:32:47+00:00,32.702503,30.561866,12.12,52.5,53,Under way using engine,ALEXANDRIA,9.4,MODERATE_CORRELATION
620100002,MV Nord Trader,Bulk Carrier,9355182,V3RK4,2019-10-19T10:44:47+00:00,32.706823,30.568558,11.99,51.3,51,Under way using engine,ALEXANDRIA,9.4,MODERATE_CORRELATION
620100002,MV Nord Trader,Bulk Carrier,9355182,V3RK4,2019-10-19T10:56:47+00:00,32.711332,30.575252,11.81,51.8,52,Under way using engine,ALEXANDRIA,9.4,MODERATE_CORRELATION
620100002,MV Nord Trader,Bulk Carrier,9355182,V3RK4,2019-10-19T11:08:47+00:00,32.715792,30.581982,11.72,53.6,54,Under way using engine,ALEXANDRIA,9.4,MODERATE_CORRELATION
620100002,MV Nord Trader,Bulk Carrier,9355182,V3RK4,2019-10-19T11:20:47+00:00,32.720023,30.588811,12.25,50.2,50,Under way using engine,ALEXANDRIA,9.4,MODERATE_CORRELATION
620100002,MV Nord Trader,Bulk Carrier,9355182,V3RK4,2019-10-19T11:32:47+00:00,32.724666,30.595434,12.21,52.0,52,Under way using engine,ALEXANDRIA,9.4,MODERATE_CORRELATION
620100002,MV Nord Trader,Bulk Carrier,9355182,V3RK4,2019-10-19T11:44:47+00:00,32.729068,30.602127,11.72,54.0,54,Under way using engine,ALEXANDRIA,9.4,MODERATE_CORRELATION
620100002,MV Nord Trader,Bulk Carrier,9355182,V3RK4,2019-10-19T11:56:47+00:00,32.733254,30.608966,11.77,50.6,51,Under way using engine,ALEXANDRIA,9.4,MODERATE_CORRELATION
620100002,MV Nord Trader,Bulk Carrier,9355182,V3RK4,2019-10-19T12:08:47+00:00,32.737838,30.615605,11.9,52.6,53,Under way using engine,ALEXANDRIA,9.4,MODERATE_CORRELATION
620100002,MV Nord Trader,Bulk Carrier,9355182,V3RK4,2019-10-19T12:20:47+00:00,32.742211,30.622403,11.89,51.0,51,Under way using engine,ALEXANDRIA,9.4,MODERATE_CORRELATION
620100002,MV Nord Trader,Bulk Carrier,9355182,V3RK4,2019-10-19T12:32:47+00:00,32.746803,30.629146,11.89,52.4,52,Under way using engine,ALEXANDRIA,9.4,MODERATE_CORRELATION
620100002,MV Nord Trader,Bulk Carrier,9355182,V3RK4,2019-10-19T12:44:47+00:00,32.751166,30.635891,12.07,52.8,53,Under way using engine,ALEXANDRIA,9.4,MODERATE_CORRELATION
620100002,MV Nord Trader,Bulk Carrier,9355182,V3RK4,2019-10-19T12:56:47+00:00,32.755508,30.642707,12.26,52.8,53,Under way using engine,ALEXANDRIA,9.4,MODERATE_CORRELATION
620100003,MV Levantine,Container,9612090,C6YZ2,2019-10-18T06:56:47+00:00,32.175622,29.962532,19.4,40.2,40,Under way using engine,PIRAEUS,11.2,WRONG_TIME
620100003,MV Levantine,Container,9612090,C6YZ2,2019-10-18T07:08:47+00:00,32.181673,29.968564,19.87,41.8,42,Under way using engine,PIRAEUS,11.2,WRONG_TIME
620100003,MV Levantine,Container,9612090,C6YZ2,2019-10-18T07:20:47+00:00,32.187218,29.974424,19.74,40.6,41,Under way using engine,PIRAEUS,11.2,WRONG_TIME
620100003,MV Levantine,Container,9612090,C6YZ2,2019-10-18T07:32:47+00:00,32.193287,29.980572,19.35,40.4,40,Under way using engine,PIRAEUS,11.2,WRONG_TIME
620100003,MV Levantine,Container,9612090,C6YZ2,2019-10-18T07:44:47+00:00,32.199171,29.986495,19.23,40.6,41,Under way using engine,PIRAEUS,11.2,WRONG_TIME
620100003,MV Levantine,Container,9612090,C6YZ2,2019-10-18T07:56:47+00:00,32.205211,29.992623,19.38,41.2,41,Under way using engine,PIRAEUS,11.2,WRONG_TIME
620100003,MV Levantine,Container,9612090,C6YZ2,2019-10-18T08:08:47+00:00,32.21105,29.998668,19.95,39.1,39,Under way using engine,PIRAEUS,11.2,WRONG_TIME
620100003,MV Levantine,Container,9612090,C6YZ2,2019-10-18T08:20:47+00:00,32.217198,30.004579,19.94,39.7,40,Under way using engine,PIRAEUS,11.2,WRONG_TIME
620100003,MV Levantine,Container,9612090,C6YZ2,2019-10-18T08:32:47+00:00,32.223274,30.010534,19.17,42.1,42,Under way using engine,PIRAEUS,11.2,WRONG_TIME
620100003,MV Levantine,Container,9612090,C6YZ2,2019-10-18T08:44:47+00:00,32.229002,30.016649,19.61,41.1,41,Under way using engine,PIRAEUS,11.2,WRONG_TIME
620100003,MV Levantine,Container,9612090,C6YZ2,2019-10-18T08:56:47+00:00,32.234772,30.022607,19.18,39.8,40,Under way using engine,PIRAEUS,11.2,WRONG_TIME
620100003,MV Levantine,Container,9612090,C6YZ2,2019-10-18T09:08:47+00:00,32.240809,30.028544,19.78,40.6,41,Under way using engine,PIRAEUS,11.2,WRONG_TIME
620100003,MV Levantine,Container,9612090,C6YZ2,2019-10-18T09:20:47+00:00,32.246765,30.034583,19.97,39.4,39,Under way using engine,PIRAEUS,11.2,WRONG_TIME
620100003,MV Levantine,Container,9612090,C6YZ2,2019-10-18T09:32:47+00:00,32.252899,30.040543,19.7,41.1,41,Under way using engine,PIRAEUS,11.2,WRONG_TIME
620100003,MV Levantine,Container,9612090,C6YZ2,2019-10-18T09:44:47+00:00,32.258734,30.046562,19.22,40.0,40,Under way using engine,PIRAEUS,11.2,WRONG_TIME
620100003,MV Levantine,Container,9612090,C6YZ2,2019-10-18T09:56:47+00:00,32.264663,30.052448,19.59,41.8,42,Under way using engine,PIRAEUS,11.2,WRONG_TIME
620100003,MV Levantine,Container,9612090,C6YZ2,2019-10-18T10:08:47+00:00,32.270502,30.058616,19.88,40.1,40,Under way using engine,PIRAEUS,11.2,WRONG_TIME
620100003,MV Levantine,Container,9612090,C6YZ2,2019-10-18T10:20:47+00:00,32.276467,30.064561,19.89,40.6,41,Under way using engine,PIRAEUS,11.2,WRONG_TIME
620100003,MV Levantine,Container,9612090,C6YZ2,2019-10-18T10:32:47+00:00,32.282526,30.070708,19.55,39.9,40,Under way using engine,PIRAEUS,11.2,WRONG_TIME
620100003,MV Levantine,Container,9612090,C6YZ2,2019-10-18T10:44:47+00:00,32.288397,30.07652,19.37,39.9,40,Under way using engine,PIRAEUS,11.2,WRONG_TIME
620100003,MV Levantine,Container,9612090,C6YZ2,2019-10-18T10:56:47+00:00,32.294446,30.082505,19.5,41.7,42,Under way using engine,PIRAEUS,11.2,WRONG_TIME
620100003,MV Levantine,Container,9612090,C6YZ2,2019-10-18T11:08:47+00:00,32.300248,30.088622,19.85,41.4,41,Under way using engine,PIRAEUS,11.2,WRONG_TIME
620100003,MV Levantine,Container,9612090,C6YZ2,2019-10-18T11:20:47+00:00,32.305895,30.094513,19.59,40.0,40,Under way using engine,PIRAEUS,11.2,WRONG_TIME
620100003,MV Levantine,Container,9612090,C6YZ2,2019-10-18T11:32:47+00:00,32.312137,30.100704,19.68,40.7,41,Under way using engine,PIRAEUS,11.2,WRONG_TIME
620100003,MV Levantine,Container,9612090,C6YZ2,2019-10-18T11:44:47+00:00,32.317965,30.106646,19.88,39.7,40,Under way using engine,PIRAEUS,11.2,WRONG_TIME
620100003,MV Levantine,Container,9612090,C6YZ2,2019-10-18T11:56:47+00:00,32.32413,30.112711,19.85,40.4,40,Under way using engine,PIRAEUS,11.2,WRONG_TIME
620100003,MV Levantine,Container,9612090,C6YZ2,2019-10-18T12:08:47+00:00,32.330055,30.118672,19.84,40.4,40,Under way using engine,PIRAEUS,11.2,WRONG_TIME
620100003,MV Levantine,Container,9612090,C6YZ2,2019-10-18T12:20:47+00:00,32.336064,30.124717,19.62,41.0,41,Under way using engine,PIRAEUS,11.2,WRONG_TIME
620100003,MV Levantine,Container,9612090,C6YZ2,2019-10-18T12:32:47+00:00,32.341835,30.130648,19.88,40.1,40,Under way using engine,PIRAEUS,11.2,WRONG_TIME
620100003,MV Levantine,Container,9612090,C6YZ2,2019-10-18T12:44:47+00:00,32.347826,30.136615,19.34,40.9,41,Under way using engine,PIRAEUS,11.2,WRONG_TIME
620100003,MV Levantine,Container,9612090,C6YZ2,2019-10-18T12:56:47+00:00,32.353717,30.142649,19.82,40.5,40,Under way using engine,PIRAEUS,11.2,WRONG_TIME
620100003,MV Levantine,Container,9612090,C6YZ2,2019-10-18T13:08:47+00:00,32.359731,30.148728,19.01,38.8,39,Under way using engine,PIRAEUS,11.2,WRONG_TIME
620100003,MV Levantine,Container,9612090,C6YZ2,2019-10-18T13:20:47+00:00,32.365753,30.154451,19.98,42.6,43,Under way using engine,PIRAEUS,11.2,WRONG_TIME
620100003,MV Levantine,Container,9612090,C6YZ2,2019-10-18T13:32:47+00:00,32.371478,30.160675,19.63,38.9,39,Under way using engine,PIRAEUS,11.2,WRONG_TIME
620100003,MV Levantine,Container,9612090,C6YZ2,2019-10-18T13:44:47+00:00,32.377707,30.166621,19.11,41.7,42,Under way using engine,PIRAEUS,11.2,WRONG_TIME
620100003,MV Levantine,Container,9612090,C6YZ2,2019-10-18T13:56:47+00:00,32.383525,30.172758,19.96,38.5,39,Under way using engine,PIRAEUS,11.2,WRONG_TIME
620100003,MV Levantine,Container,9612090,C6YZ2,2019-10-18T14:08:47+00:00,32.389564,30.178456,19.93,42.0,42,Under way using engine,PIRAEUS,11.2,WRONG_TIME
620100003,MV Levantine,Container,9612090,C6YZ2,2019-10-18T14:20:47+00:00,32.395341,30.184619,19.3,40.4,40,Under way using engine,PIRAEUS,11.2,WRONG_TIME
620100003,MV Levantine,Container,9612090,C6YZ2,2019-10-18T14:32:47+00:00,32.401292,30.190617,19.58,38.9,39,Under way using engine,PIRAEUS,11.2,WRONG_TIME
620100003,MV Levantine,Container,9612090,C6YZ2,2019-10-18T14:44:47+00:00,32.407391,30.196448,19.05,41.3,41,Under way using engine,PIRAEUS,11.2,WRONG_TIME
620100003,MV Levantine,Container,9612090,C6YZ2,2019-10-18T14:56:47+00:00,32.413251,30.202547,19.02,40.1,40,Under way using engine,PIRAEUS,11.2,WRONG_TIME
620100003,MV Levantine,Container,9612090,C6YZ2,2019-10-18T15:08:47+00:00,32.419314,30.208593,19.68,41.9,42,Under way using engine,PIRAEUS,11.2,WRONG_TIME
620100003,MV Levantine,Container,9612090,C6YZ2,2019-10-18T15:20:47+00:00,32.42493,30.214559,20.0,39.5,39,Under way using engine,PIRAEUS,11.2,WRONG_TIME
620100003,MV Levantine,Container,9612090,C6YZ2,2019-10-18T15:32:47+00:00,32.430898,30.22038,19.16,40.9,41,Under way using engine,PIRAEUS,11.2,WRONG_TIME
620100003,MV Levantine,Container,9612090,C6YZ2,2019-10-18T15:44:47+00:00,32.437051,30.226699,19.22,39.9,40,Under way using engine,PIRAEUS,11.2,WRONG_TIME
620100003,MV Levantine,Container,9612090,C6YZ2,2019-10-18T15:56:47+00:00,32.442953,30.232544,19.65,40.4,40,Under way using engine,PIRAEUS,11.2,WRONG_TIME
620100003,MV Levantine,Container,9612090,C6YZ2,2019-10-18T16:08:47+00:00,32.448849,30.238485,19.94,39.5,39,Under way using engine,PIRAEUS,11.2,WRONG_TIME
620100003,MV Levantine,Container,9612090,C6YZ2,2019-10-18T16:20:47+00:00,32.454999,30.244493,19.4,41.3,41,Under way using engine,PIRAEUS,11.2,WRONG_TIME
620100003,MV Levantine,Container,9612090,C6YZ2,2019-10-18T16:32:47+00:00,32.460847,30.250579,19.23,42.2,42,Under way using engine,PIRAEUS,11.2,WRONG_TIME
620100003,MV Levantine,Container,9612090,C6YZ2,2019-10-18T16:44:47+00:00,32.466575,30.256744,19.86,38.9,39,Under way using engine,PIRAEUS,11.2,WRONG_TIME
620100003,MV Levantine,Container,9612090,C6YZ2,2019-10-18T16:56:47+00:00,32.472693,30.262597,19.19,40.7,41,Under way using engine,PIRAEUS,11.2,WRONG_TIME
620100003,MV Levantine,Container,9612090,C6YZ2,2019-10-18T17:08:47+00:00,32.47862,30.268646,19.77,40.4,40,Under way using engine,PIRAEUS,11.2,WRONG_TIME
620100003,MV Levantine,Container,9612090,C6YZ2,2019-10-18T17:20:47+00:00,32.484575,30.274661,19.63,40.5,40,Under way using engine,PIRAEUS,11.2,WRONG_TIME
620100003,MV Levantine,Container,9612090,C6YZ2,2019-10-18T17:32:47+00:00,32.489099,30.279235,19.8,40.3,40,Under way using engine,PIRAEUS,11.2,WRONG_TIME
620100003,MV Levantine,Container,9612090,C6YZ2,2019-10-18T17:44:47+00:00,32.492135,30.282287,19.13,41.2,41,Under way using engine,PIRAEUS,11.2,WRONG_TIME
620100003,MV Levantine,Container,9612090,C6YZ2,2019-10-18T17:56:47+00:00,32.49533,30.285601,19.2,38.2,38,Under way using engine,PIRAEUS,11.2,WRONG_TIME
620100003,MV Levantine,Container,9612090,C6YZ2,2019-10-18T18:08:47+00:00,32.498482,30.288547,19.58,37.9,38,Under way using engine,PIRAEUS,11.2,WRONG_TIME
620100003,MV Levantine,Container,9612090,C6YZ2,2019-10-18T18:20:47+00:00,32.501799,30.291612,19.31,41.4,41,Under way using engine,PIRAEUS,11.2,WRONG_TIME
620100003,MV Levantine,Container,9612090,C6YZ2,2019-10-18T18:32:47+00:00,32.504847,30.294803,19.07,37.8,38,Under way using engine,PIRAEUS,11.2,WRONG_TIME
620100003,MV Levantine,Container,9612090,C6YZ2,2019-10-18T18:44:47+00:00,32.507988,30.297691,19.6,39.8,40,Under way using engine,PIRAEUS,11.2,WRONG_TIME
620100003,MV Levantine,Container,9612090,C6YZ2,2019-10-18T18:56:47+00:00,32.511295,30.300952,19.86,42.6,43,Under way using engine,PIRAEUS,11.2,WRONG_TIME
620100003,MV Levantine,Container,9612090,C6YZ2,2019-10-18T19:08:47+00:00,32.514255,30.304185,19.24,37.1,37,Under way using engine,PIRAEUS,11.2,WRONG_TIME
620100003,MV Levantine,Container,9612090,C6YZ2,2019-10-18T19:20:47+00:00,32.51775,30.307316,19.7,42.4,42,Under way using engine,PIRAEUS,11.2,WRONG_TIME
620100003,MV Levantine,Container,9612090,C6YZ2,2019-10-18T19:32:47+00:00,32.520647,30.310449,19.33,40.5,40,Under way using engine,PIRAEUS,11.2,WRONG_TIME
620100003,MV Levantine,Container,9612090,C6YZ2,2019-10-18T19:44:47+00:00,32.523741,30.313578,19.35,39.7,40,Under way using engine,PIRAEUS,11.2,WRONG_TIME
620100003,MV Levantine,Container,9612090,C6YZ2,2019-10-18T19:56:47+00:00,32.526887,30.316674,19.57,38.9,39,Under way using engine,PIRAEUS,11.2,WRONG_TIME
620100003,MV Levantine,Container,9612090,C6YZ2,2019-10-18T20:08:47+00:00,32.530245,30.319893,19.2,39.8,40,Under way using engine,PIRAEUS,11.2,WRONG_TIME
620100003,MV Levantine,Container,9612090,C6YZ2,2019-10-18T20:20:47+00:00,32.533445,30.323051,19.03,39.0,39,Under way using engine,PIRAEUS,11.2,WRONG_TIME
620100003,MV Levantine,Container,9612090,C6YZ2,2019-10-18T20:32:47+00:00,32.536645,30.326123,19.87,40.9,41,Under way using engine,PIRAEUS,11.2,WRONG_TIME
620100003,MV Levantine,Container,9612090,C6YZ2,2019-10-18T20:44:47+00:00,32.539713,30.329279,19.34,40.8,41,Under way using engine,PIRAEUS,11.2,WRONG_TIME
620100003,MV Levantine,Container,9612090,C6YZ2,2019-10-18T20:56:47+00:00,32.542794,30.332439,19.82,36.7,37,Under way using engine,PIRAEUS,11.2,WRONG_TIME
620100003,MV Levantine,Container,9612090,C6YZ2,2019-10-18T21:08:47+00:00,32.546149,30.335403,19.53,42.9,43,Under way using engine,PIRAEUS,11.2,WRONG_TIME
620100003,MV Levantine,Container,9612090,C6YZ2,2019-10-18T21:20:47+00:00,32.549063,30.33862,19.06,39.5,39,Under way using engine,PIRAEUS,11.2,WRONG_TIME
620100003,MV Levantine,Container,9612090,C6YZ2,2019-10-18T21:32:47+00:00,32.552194,30.34168,19.87,40.2,40,Under way using engine,PIRAEUS,11.2,WRONG_TIME
620100003,MV Levantine,Container,9612090,C6YZ2,2019-10-18T21:44:47+00:00,32.555315,30.344803,19.79,41.3,41,Under way using engine,PIRAEUS,11.2,WRONG_TIME
620100003,MV Levantine,Container,9612090,C6YZ2,2019-10-18T21:56:47+00:00,32.558574,30.348199,19.56,39.4,39,Under way using engine,PIRAEUS,11.2,WRONG_TIME
620100003,MV Levantine,Container,9612090,C6YZ2,2019-10-18T22:08:47+00:00,32.561643,30.351188,20.0,38.4,38,Under way using engine,PIRAEUS,11.2,WRONG_TIME
620100003,MV Levantine,Container,9612090,C6YZ2,2019-10-18T22:20:47+00:00,32.564899,30.354253,19.2,40.4,40,Under way using engine,PIRAEUS,11.2,WRONG_TIME
620100003,MV Levantine,Container,9612090,C6YZ2,2019-10-18T22:32:47+00:00,32.568004,30.35739,19.03,37.9,38,Under way using engine,PIRAEUS,11.2,WRONG_TIME
620100003,MV Levantine,Container,9612090,C6YZ2,2019-10-18T22:44:47+00:00,32.571187,30.360331,19.87,41.0,41,Under way using engine,PIRAEUS,11.2,WRONG_TIME
620100003,MV Levantine,Container,9612090,C6YZ2,2019-10-18T22:56:47+00:00,32.574465,30.363713,19.43,39.6,40,Under way using engine,PIRAEUS,11.2,WRONG_TIME
620100003,MV Levantine,Container,9612090,C6YZ2,2019-10-18T23:08:47+00:00,32.577408,30.366607,19.99,43.1,43,Under way using engine,PIRAEUS,11.2,WRONG_TIME
620100003,MV Levantine,Container,9612090,C6YZ2,2019-10-18T23:20:47+00:00,32.580534,30.370082,19.73,35.7,36,Under way using engine,PIRAEUS,11.2,WRONG_TIME
620100003,MV Levantine,Container,9612090,C6YZ2,2019-10-18T23:32:47+00:00,32.583957,30.373006,19.9,41.9,42,Under way using engine,PIRAEUS,11.2,WRONG_TIME
620100003,MV Levantine,Container,9612090,C6YZ2,2019-10-18T23:44:47+00:00,32.586844,30.376081,19.59,38.9,39,Under way using engine,PIRAEUS,11.2,WRONG_TIME
620100003,MV Levantine,Container,9612090,C6YZ2,2019-10-18T23:56:47+00:00,32.590314,30.379405,19.73,38.9,39,Under way using engine,PIRAEUS,11.2,WRONG_TIME
620100003,MV Levantine,Container,9612090,C6YZ2,2019-10-19T00:08:47+00:00,32.593366,30.382326,19.91,40.7,41,Under way using engine,PIRAEUS,11.2,WRONG_TIME
620100003,MV Levantine,Container,9612090,C6YZ2,2019-10-19T00:20:47+00:00,32.59643,30.385456,19.97,39.4,39,Under way using engine,PIRAEUS,11.2,WRONG_TIME
620100003,MV Levantine,Container,9612090,C6YZ2,2019-10-19T00:32:47+00:00,32.599676,30.388622,19.49,39.6,40,Under way using engine,PIRAEUS,11.2,WRONG_TIME
620100003,MV Levantine,Container,9612090,C6YZ2,2019-10-19T00:44:47+00:00,32.602857,30.391742,19.45,43.0,43,Under way using engine,PIRAEUS,11.2,WRONG_TIME
620100003,MV Levantine,Container,9612090,C6YZ2,2019-10-19T00:56:47+00:00,32.605738,30.394931,19.59,37.0,37,Under way using engine,PIRAEUS,11.2,WRONG_TIME
620100003,MV Levantine,Container,9612090,C6YZ2,2019-10-19T01:08:47+00:00,32.609084,30.397924,19.97,38.7,39,Under way using engine,PIRAEUS,11.2,WRONG_TIME
620100003,MV Levantine,Container,9612090,C6YZ2,2019-10-19T01:20:47+00:00,32.61236,30.40104,19.33,42.4,42,Under way using engine,PIRAEUS,11.2,WRONG_TIME
620100003,MV Levantine,Container,9612090,C6YZ2,2019-10-19T01:32:47+00:00,32.615392,30.404327,19.97,40.3,40,Under way using engine,PIRAEUS,11.2,WRONG_TIME
620100003,MV Levantine,Container,9612090,C6YZ2,2019-10-19T01:44:47+00:00,32.618442,30.407393,19.07,37.5,38,Under way using engine,PIRAEUS,11.2,WRONG_TIME
620100003,MV Levantine,Container,9612090,C6YZ2,2019-10-19T01:56:47+00:00,32.621764,30.41042,19.34,42.3,42,Under way using engine,PIRAEUS,11.2,WRONG_TIME
620100003,MV Levantine,Container,9612090,C6YZ2,2019-10-19T02:08:47+00:00,32.624889,30.4138,19.25,38.0,38,Under way using engine,PIRAEUS,11.2,WRONG_TIME
620100003,MV Levantine,Container,9612090,C6YZ2,2019-10-19T02:20:47+00:00,32.628224,30.41689,19.17,40.8,41,Under way using engine,PIRAEUS,11.2,WRONG_TIME
620100003,MV Levantine,Container,9612090,C6YZ2,2019-10-19T02:32:47+00:00,32.631318,30.420056,19.47,39.5,40,Under way using engine,PIRAEUS,11.2,WRONG_TIME
620100003,MV Levantine,Container,9612090,C6YZ2,2019-10-19T02:44:47+00:00,32.634431,30.423105,19.59,40.4,40,Under way using engine,PIRAEUS,11.2,WRONG_TIME
620100003,MV Levantine,Container,9612090,C6YZ2,2019-10-19T02:56:47+00:00,32.637521,30.426228,19.11,39.2,39,Under way using engine,PIRAEUS,11.2,WRONG_TIME
620100003,MV Levantine,Container,9612090,C6YZ2,2019-10-19T03:08:47+00:00,32.640703,30.429314,19.53,39.0,39,Under way using engine,PIRAEUS,11.2,WRONG_TIME
620100003,MV Levantine,Container,9612090,C6YZ2,2019-10-19T03:20:47+00:00,32.643856,30.432343,19.93,38.8,39,Under way using engine,PIRAEUS,11.2,WRONG_TIME
620100003,MV Levantine,Container,9612090,C6YZ2,2019-10-19T03:32:47+00:00,32.647036,30.435375,19.04,41.9,42,Under way using engine,PIRAEUS,11.2,WRONG_TIME
620100003,MV Levantine,Container,9612090,C6YZ2,2019-10-19T03:44:47+00:00,32.650201,30.438748,19.87,35.9,36,Under way using engine,PIRAEUS,11.2,WRONG_TIME
620100003,MV Levantine,Container,9612090,C6YZ2,2019-10-19T03:56:47+00:00,32.653446,30.441541,19.49,44.4,44,Under way using engine,PIRAEUS,11.2,WRONG_TIME
620100003,MV Levantine,Container,9612090,C6YZ2,2019-10-19T04:08:47+00:00,32.656418,30.444999,19.03,36.8,37,Under way using engine,PIRAEUS,11.2,WRONG_TIME
620100003,MV Levantine,Container,9612090,C6YZ2,2019-10-19T04:20:47+00:00,32.659775,30.447983,19.2,40.9,41,Under way using engine,PIRAEUS,11.2,WRONG_TIME
620100003,MV Levantine,Container,9612090,C6YZ2,2019-10-19T04:32:47+00:00,32.662851,30.45115,19.44,41.0,41,Under way using engine,PIRAEUS,11.2,WRONG_TIME
620100003,MV Levantine,Container,9612090,C6YZ2,2019-10-19T04:44:47+00:00,32.665963,30.454365,19.69,41.2,41,Under way using engine,PIRAEUS,11.2,WRONG_TIME
620100003,MV Levantine,Container,9612090,C6YZ2,2019-10-19T04:56:47+00:00,32.669138,30.457672,19.62,38.7,39,Under way using engine,PIRAEUS,11.2,WRONG_TIME
620100003,MV Levantine,Container,9612090,C6YZ2,2019-10-19T05:08:47+00:00,32.67232,30.460705,19.03,39.3,39,Under way using engine,PIRAEUS,11.2,WRONG_TIME
620100003,MV Levantine,Container,9612090,C6YZ2,2019-10-19T05:20:47+00:00,32.675479,30.463773,19.68,38.0,38,Under way using engine,PIRAEUS,11.2,WRONG_TIME
620100003,MV Levantine,Container,9612090,C6YZ2,2019-10-19T05:32:47+00:00,32.678682,30.466742,19.39,42.4,42,Under way using engine,PIRAEUS,11.2,WRONG_TIME
620100003,MV Levantine,Container,9612090,C6YZ2,2019-10-19T05:44:47+00:00,32.6817,30.470014,19.66,39.2,39,Under way using engine,PIRAEUS,11.2,WRONG_TIME
620100003,MV Levantine,Container,9612090,C6YZ2,2019-10-19T05:56:47+00:00,32.684929,30.473146,19.87,40.4,40,Under way using engine,PIRAEUS,11.2,WRONG_TIME
620100003,MV Levantine,Container,9612090,C6YZ2,2019-10-19T06:08:47+00:00,32.688129,30.476385,19.74,39.9,40,Under way using engine,PIRAEUS,11.2,WRONG_TIME
620100003,MV Levantine,Container,9612090,C6YZ2,2019-10-19T06:20:47+00:00,32.691229,30.479466,19.33,38.3,38,Under way using engine,PIRAEUS,11.2,WRONG_TIME
620100003,MV Levantine,Container,9612090,C6YZ2,2019-10-19T06:32:47+00:00,32.694518,30.482554,19.76,41.8,42,Under way using engine,PIRAEUS,11.2,WRONG_TIME
620100003,MV Levantine,Container,9612090,C6YZ2,2019-10-19T06:44:47+00:00,32.697542,30.485763,19.82,37.2,37,Under way using engine,PIRAEUS,11.2,WRONG_TIME
620100003,MV Levantine,Container,9612090,C6YZ2,2019-10-19T06:56:47+00:00,32.700743,30.488651,19.01,40.5,41,Under way using engine,PIRAEUS,11.2,WRONG_TIME
620100003,MV Levantine,Container,9612090,C6YZ2,2019-10-19T07:08:47+00:00,32.70378,30.491738,19.4,42.2,42,Under way using engine,PIRAEUS,11.2,WRONG_TIME
620100003,MV Levantine,Container,9612090,C6YZ2,2019-10-19T07:20:47+00:00,32.70696,30.495166,19.45,36.9,37,Under way using engine,PIRAEUS,11.2,WRONG_TIME
620100003,MV Levantine,Container,9612090,C6YZ2,2019-10-19T07:32:47+00:00,32.710144,30.498006,19.23,39.6,40,Under way using engine,PIRAEUS,11.2,WRONG_TIME
620100003,MV Levantine,Container,9612090,C6YZ2,2019-10-19T07:44:47+00:00,32.713384,30.501197,19.67,43.1,43,Under way using engine,PIRAEUS,11.2,WRONG_TIME
620100003,MV Levantine,Container,9612090,C6YZ2,2019-10-19T07:56:47+00:00,32.716457,30.50462,19.38,38.1,38,Under way using engine,PIRAEUS,11.2,WRONG_TIME
620100003,MV Levantine,Container,9612090,C6YZ2,2019-10-19T08:08:47+00:00,32.719691,30.507636,19.48,38.5,39,Under way using engine,PIRAEUS,11.2,WRONG_TIME
620100003,MV Levantine,Container,9612090,C6YZ2,2019-10-19T08:20:47+00:00,32.722705,30.510487,19.58,38.7,39,Under way using engine,PIRAEUS,11.2,WRONG_TIME
620100003,MV Levantine,Container,9612090,C6YZ2,2019-10-19T08:32:47+00:00,32.726235,30.513852,19.76,41.5,42,Under way using engine,PIRAEUS,11.2,WRONG_TIME
620100003,MV Levantine,Container,9612090,C6YZ2,2019-10-19T08:44:47+00:00,32.729221,30.516993,19.96,40.1,40,Under way using engine,PIRAEUS,11.2,WRONG_TIME
620100003,MV Levantine,Container,9612090,C6YZ2,2019-10-19T08:56:47+00:00,32.732295,30.520075,19.93,39.6,40,Under way using engine,PIRAEUS,11.2,WRONG_TIME
620100003,MV Levantine,Container,9612090,C6YZ2,2019-10-19T09:08:47+00:00,32.735404,30.523136,19.49,39.3,39,Under way using engine,PIRAEUS,11.2,WRONG_TIME
620100003,MV Levantine,Container,9612090,C6YZ2,2019-10-19T09:20:47+00:00,32.738551,30.526194,19.31,40.9,41,Under way using engine,PIRAEUS,11.2,WRONG_TIME
620100003,MV Levantine,Container,9612090,C6YZ2,2019-10-19T09:32:47+00:00,32.741815,30.52956,19.31,38.1,38,Under way using engine,PIRAEUS,11.2,WRONG_TIME
620100003,MV Levantine,Container,9612090,C6YZ2,2019-10-19T09:44:47+00:00,32.745108,30.532626,19.27,41.2,41,Under way using engine,PIRAEUS,11.2,WRONG_TIME
620100003,MV Levantine,Container,9612090,C6YZ2,2019-10-19T09:56:47+00:00,32.748017,30.535654,19.18,40.5,40,Under way using engine,PIRAEUS,11.2,WRONG_TIME
620100003,MV Levantine,Container,9612090,C6YZ2,2019-10-19T10:08:47+00:00,32.751177,30.53886,19.53,39.3,39,Under way using engine,PIRAEUS,11.2,WRONG_TIME
620100003,MV Levantine,Container,9612090,C6YZ2,2019-10-19T10:20:47+00:00,32.754373,30.541965,19.57,37.7,38,Under way using engine,PIRAEUS,11.2,WRONG_TIME
620100003,MV Levantine,Container,9612090,C6YZ2,2019-10-19T10:32:47+00:00,32.757732,30.545054,19.55,40.6,41,Under way using engine,PIRAEUS,11.2,WRONG_TIME
620100003,MV Levantine,Container,9612090,C6YZ2,2019-10-19T10:44:47+00:00,32.760764,30.548147,19.95,39.6,40,Under way using engine,PIRAEUS,11.2,WRONG_TIME
620100003,MV Levantine,Container,9612090,C6YZ2,2019-10-19T10:56:47+00:00,32.764031,30.551356,19.88,40.6,41,Under way using engine,PIRAEUS,11.2,WRONG_TIME
620100003,MV Levantine,Container,9612090,C6YZ2,2019-10-19T11:08:47+00:00,32.766999,30.55438,19.61,38.5,39,Under way using engine,PIRAEUS,11.2,WRONG_TIME
620100003,MV Levantine,Container,9612090,C6YZ2,2019-10-19T11:20:47+00:00,32.770343,30.557544,19.9,41.7,42,Under way using engine,PIRAEUS,11.2,WRONG_TIME
620100003,MV Levantine,Container,9612090,C6YZ2,2019-10-19T11:32:47+00:00,32.773263,30.560633,19.78,38.1,38,Under way using engine,PIRAEUS,11.2,WRONG_TIME
620100003,MV Levantine,Container,9612090,C6YZ2,2019-10-19T11:44:47+00:00,32.776626,30.563775,19.42,41.9,42,Under way using engine,PIRAEUS,11.2,WRONG_TIME
620100003,MV Levantine,Container,9612090,C6YZ2,2019-10-19T11:56:47+00:00,32.779638,30.566987,19.62,36.0,36,Under way using engine,PIRAEUS,11.2,WRONG_TIME
620100003,MV Levantine,Container,9612090,C6YZ2,2019-10-19T12:08:47+00:00,32.783086,30.569963,19.17,42.7,43,Under way using engine,PIRAEUS,11.2,WRONG_TIME
620100003,MV Levantine,Container,9612090,C6YZ2,2019-10-19T12:20:47+00:00,32.786086,30.573257,19.22,40.3,40,Under way using engine,PIRAEUS,11.2,WRONG_TIME
620100003,MV Levantine,Container,9612090,C6YZ2,2019-10-19T12:32:47+00:00,32.789305,30.576506,19.55,38.6,39,Under way using engine,PIRAEUS,11.2,WRONG_TIME
620100003,MV Levantine,Container,9612090,C6YZ2,2019-10-19T12:44:47+00:00,32.792285,30.579335,19.59,40.2,40,Under way using engine,PIRAEUS,11.2,WRONG_TIME
620100003,MV Levantine,Container,9612090,C6YZ2,2019-10-19T12:56:47+00:00,32.795531,30.5826,19.14,40.2,40,Under way using engine,PIRAEUS,11.2,WRONG_TIME
620100004,FV Poseidon,Fishing,8920144,SU3391,2019-10-18T06:56:47+00:00,32.693089,30.017517,4.16,351.1,351,Under way using engine,FISHING GROUNDS,4.1,WRONG_TRAJECTORY
620100004,FV Poseidon,Fishing,8920144,SU3391,2019-10-18T07:08:47+00:00,32.698596,30.016495,5.68,120.2,120,Under way using engine,FISHING GROUNDS,4.1,WRONG_TRAJECTORY
620100004,FV Poseidon,Fishing,8920144,SU3391,2019-10-18T07:20:47+00:00,32.69754,30.018652,3.74,228.2,228,Under way using engine,FISHING GROUNDS,4.1,WRONG_TRAJECTORY
620100004,FV Poseidon,Fishing,8920144,SU3391,2019-10-18T07:32:47+00:00,32.692698,30.012216,3.96,5.5,5,Under way using engine,FISHING GROUNDS,4.1,WRONG_TRAJECTORY
620100004,FV Poseidon,Fishing,8920144,SU3391,2019-10-18T07:44:47+00:00,32.696269,30.012623,3.18,113.2,113,Under way using engine,FISHING GROUNDS,4.1,WRONG_TRAJECTORY
620100004,FV Poseidon,Fishing,8920144,SU3391,2019-10-18T07:56:47+00:00,32.694468,30.017621,4.46,15.2,15,Under way using engine,FISHING GROUNDS,4.1,WRONG_TRAJECTORY
620100004,FV Poseidon,Fishing,8920144,SU3391,2019-10-18T08:08:47+00:00,32.697493,30.018601,4.44,227.4,227,Under way using engine,FISHING GROUNDS,4.1,WRONG_TRAJECTORY
620100004,FV Poseidon,Fishing,8920144,SU3391,2019-10-18T08:20:47+00:00,32.693149,30.012983,4.81,28.2,28,Under way using engine,FISHING GROUNDS,4.1,WRONG_TRAJECTORY
620100004,FV Poseidon,Fishing,8920144,SU3391,2019-10-18T08:32:47+00:00,32.701851,30.018524,4.26,206.6,207,Under way using engine,FISHING GROUNDS,4.1,WRONG_TRAJECTORY
620100004,FV Poseidon,Fishing,8920144,SU3391,2019-10-18T08:44:47+00:00,32.697289,30.015807,5.59,355.6,356,Under way using engine,FISHING GROUNDS,4.1,WRONG_TRAJECTORY
620100004,FV Poseidon,Fishing,8920144,SU3391,2019-10-18T08:56:47+00:00,32.698783,30.015671,3.54,144.2,144,Under way using engine,FISHING GROUNDS,4.1,WRONG_TRAJECTORY
620100004,FV Poseidon,Fishing,8920144,SU3391,2019-10-18T09:08:47+00:00,32.694588,30.01926,4.22,78.3,78,Under way using engine,FISHING GROUNDS,4.1,WRONG_TRAJECTORY
620100004,FV Poseidon,Fishing,8920144,SU3391,2019-10-18T09:20:47+00:00,32.695293,30.023308,4.8,277.1,277,Under way using engine,FISHING GROUNDS,4.1,WRONG_TRAJECTORY
620100004,FV Poseidon,Fishing,8920144,SU3391,2019-10-18T09:32:47+00:00,32.696065,30.015962,3.41,39.1,39,Under way using engine,FISHING GROUNDS,4.1,WRONG_TRAJECTORY
620100004,FV Poseidon,Fishing,8920144,SU3391,2019-10-18T09:44:47+00:00,32.701473,30.021192,4.41,173.0,173,Under way using engine,FISHING GROUNDS,4.1,WRONG_TRAJECTORY
620100004,FV Poseidon,Fishing,8920144,SU3391,2019-10-18T09:56:47+00:00,32.695752,30.022026,5.04,350.7,351,Under way using engine,FISHING GROUNDS,4.1,WRONG_TRAJECTORY
620100004,FV Poseidon,Fishing,8920144,SU3391,2019-10-18T10:08:47+00:00,32.698567,30.021476,5.11,201.7,202,Under way using engine,FISHING GROUNDS,4.1,WRONG_TRAJECTORY
620100004,FV Poseidon,Fishing,8920144,SU3391,2019-10-18T10:20:47+00:00,32.695122,30.019847,3.97,117.9,118,Under way using engine,FISHING GROUNDS,4.1,WRONG_TRAJECTORY
620100004,FV Poseidon,Fishing,8920144,SU3391,2019-10-18T10:32:47+00:00,32.692991,30.024624,4.07,343.3,343,Under way using engine,FISHING GROUNDS,4.1,WRONG_TRAJECTORY
620100004,FV Poseidon,Fishing,8920144,SU3391,2019-10-18T10:44:47+00:00,32.705134,30.020289,4.39,139.1,139,Under way using engine,FISHING GROUNDS,4.1,WRONG_TRAJECTORY
620100004,FV Poseidon,Fishing,8920144,SU3391,2019-10-18T10:56:47+00:00,32.698815,30.026782,5.68,205.1,205,Under way using engine,FISHING GROUNDS,4.1,WRONG_TRAJECTORY
620100004,FV Poseidon,Fishing,8920144,SU3391,2019-10-18T11:08:47+00:00,32.697845,30.026242,5.51,329.3,329,Under way using engine,FISHING GROUNDS,4.1,WRONG_TRAJECTORY
620100004,FV Poseidon,Fishing,8920144,SU3391,2019-10-18T11:20:47+00:00,32.699412,30.025137,4.03,54.2,54,Under way using engine,FISHING GROUNDS,4.1,WRONG_TRAJECTORY
620100004,FV Poseidon,Fishing,8920144,SU3391,2019-10-18T11:32:47+00:00,32.701039,30.027815,3.82,234.9,235,Under way using engine,FISHING GROUNDS,4.1,WRONG_TRAJECTORY
620100004,FV Poseidon,Fishing,8920144,SU3391,2019-10-18T11:44:47+00:00,32.698975,30.024333,3.47,112.9,113,Under way using engine,FISHING GROUNDS,4.1,WRONG_TRAJECTORY
620100004,FV Poseidon,Fishing,8920144,SU3391,2019-10-18T11:56:47+00:00,32.696557,30.031123,5.63,346.0,346,Under way using engine,FISHING GROUNDS,4.1,WRONG_TRAJECTORY
620100004,FV Poseidon,Fishing,8920144,SU3391,2019-10-18T12:08:47+00:00,32.703091,30.029191,3.36,341.2,341,Under way using engine,FISHING GROUNDS,4.1,WRONG_TRAJECTORY
620100004,FV Poseidon,Fishing,8920144,SU3391,2019-10-18T12:20:47+00:00,32.707395,30.02745,5.06,196.0,196,Under way using engine,FISHING GROUNDS,4.1,WRONG_TRAJECTORY
620100004,FV Poseidon,Fishing,8920144,SU3391,2019-10-18T12:32:47+00:00,32.700198,30.024998,4.08,127.0,127,Under way using engine,FISHING GROUNDS,4.1,WRONG_TRAJECTORY
620100004,FV Poseidon,Fishing,8920144,SU3391,2019-10-18T12:44:47+00:00,32.699218,30.02654,3.18,71.5,71,Under way using engine,FISHING GROUNDS,4.1,WRONG_TRAJECTORY
620100004,FV Poseidon,Fishing,8920144,SU3391,2019-10-18T12:56:47+00:00,32.70067,30.031689,5.61,204.6,205,Under way using engine,FISHING GROUNDS,4.1,WRONG_TRAJECTORY
620100004,FV Poseidon,Fishing,8920144,SU3391,2019-10-18T13:08:47+00:00,32.695259,30.028744,4.37,32.6,33,Under way using engine,FISHING GROUNDS,4.1,WRONG_TRAJECTORY
620100004,FV Poseidon,Fishing,8920144,SU3391,2019-10-18T13:20:47+00:00,32.698015,30.030834,4.73,332.6,333,Under way using engine,FISHING GROUNDS,4.1,WRONG_TRAJECTORY
620100004,FV Poseidon,Fishing,8920144,SU3391,2019-10-18T13:32:47+00:00,32.70262,30.028003,4.76,105.6,106,Under way using engine,FISHING GROUNDS,4.1,WRONG_TRAJECTORY
620100004,FV Poseidon,Fishing,8920144,SU3391,2019-10-18T13:44:47+00:00,32.700526,30.036906,3.16,258.4,258,Under way using engine,FISHING GROUNDS,4.1,WRONG_TRAJECTORY
620100004,FV Poseidon,Fishing,8920144,SU3391,2019-10-18T13:56:47+00:00,32.699642,30.031784,3.33,88.7,89,Under way using engine,FISHING GROUNDS,4.1,WRONG_TRAJECTORY
620100004,FV Poseidon,Fishing,8920144,SU3391,2019-10-18T14:08:47+00:00,32.69966,30.032693,4.87,344.1,344,Under way using engine,FISHING GROUNDS,4.1,WRONG_TRAJECTORY
620100004,FV Poseidon,Fishing,8920144,SU3391,2019-10-18T14:20:47+00:00,32.701714,30.031997,5.69,75.0,75,Under way using engine,FISHING GROUNDS,4.1,WRONG_TRAJECTORY
620100004,FV Poseidon,Fishing,8920144,SU3391,2019-10-18T14:32:47+00:00,32.703144,30.038339,3.83,83.8,84,Under way using engine,FISHING GROUNDS,4.1,WRONG_TRAJECTORY
620100004,FV Poseidon,Fishing,8920144,SU3391,2019-10-18T14:44:47+00:00,32.703499,30.042216,4.15,227.1,227,Under way using engine,FISHING GROUNDS,4.1,WRONG_TRAJECTORY
620100004,FV Poseidon,Fishing,8920144,SU3391,2019-10-18T14:56:47+00:00,32.698066,30.035259,3.99,1.9,2,Under way using engine,FISHING GROUNDS,4.1,WRONG_TRAJECTORY
620100004,FV Poseidon,Fishing,8920144,SU3391,2019-10-18T15:08:47+00:00,32.705957,30.035567,4.98,225.4,225,Under way using engine,FISHING GROUNDS,4.1,WRONG_TRAJECTORY
620100004,FV Poseidon,Fishing,8920144,SU3391,2019-10-18T15:20:47+00:00,32.70077,30.029327,3.05,48.2,48,Under way using engine,FISHING GROUNDS,4.1,WRONG_TRAJECTORY
620100004,FV Poseidon,Fishing,8920144,SU3391,2019-10-18T15:32:47+00:00,32.705256,30.035294,3.37,156.6,157,Under way using engine,FISHING GROUNDS,4.1,WRONG_TRAJECTORY
620100004,FV Poseidon,Fishing,8920144,SU3391,2019-10-18T15:44:47+00:00,32.698397,30.038817,3.03,358.2,358,Under way using engine,FISHING GROUNDS,4.1,WRONG_TRAJECTORY
620100004,FV Poseidon,Fishing,8920144,SU3391,2019-10-18T15:56:47+00:00,32.700018,30.038757,4.48,1.4,1,Under way using engine,FISHING GROUNDS,4.1,WRONG_TRAJECTORY
620100004,FV Poseidon,Fishing,8920144,SU3391,2019-10-18T16:08:47+00:00,32.706756,30.038958,3.26,173.6,174,Under way using engine,FISHING GROUNDS,4.1,WRONG_TRAJECTORY
620100004,FV Poseidon,Fishing,8920144,SU3391,2019-10-18T16:20:47+00:00,32.699754,30.039896,3.88,56.7,57,Under way using engine,FISHING GROUNDS,4.1,WRONG_TRAJECTORY
620100004,FV Poseidon,Fishing,8920144,SU3391,2019-10-18T16:32:47+00:00,32.702981,30.045735,4.01,258.6,259,Under way using engine,FISHING GROUNDS,4.1,WRONG_TRAJECTORY
620100004,FV Poseidon,Fishing,8920144,SU3391,2019-10-18T16:44:47+00:00,32.701042,30.034354,5.12,84.9,85,Under way using engine,FISHING GROUNDS,4.1,WRONG_TRAJECTORY
620100004,FV Poseidon,Fishing,8920144,SU3391,2019-10-18T16:56:47+00:00,32.701826,30.044886,4.86,230.3,230,Under way using engine,FISHING GROUNDS,4.1,WRONG_TRAJECTORY
620100004,FV Poseidon,Fishing,8920144,SU3391,2019-10-18T17:08:47+00:00,32.699203,30.04113,5.27,359.9,0,Under way using engine,FISHING GROUNDS,4.1,WRONG_TRAJECTORY
620100004,FV Poseidon,Fishing,8920144,SU3391,2019-10-18T17:20:47+00:00,32.710639,30.041116,4.78,143.6,144,Under way using engine,FISHING GROUNDS,4.1,WRONG_TRAJECTORY
620100004,FV Poseidon,Fishing,8920144,SU3391,2019-10-18T17:32:47+00:00,32.705163,30.045915,4.66,260.6,261,Under way using engine,FISHING GROUNDS,4.1,WRONG_TRAJECTORY
620100004,FV Poseidon,Fishing,8920144,SU3391,2019-10-18T17:44:47+00:00,32.704596,30.04184,3.41,87.1,87,Under way using engine,FISHING GROUNDS,4.1,WRONG_TRAJECTORY
620100004,FV Poseidon,Fishing,8920144,SU3391,2019-10-18T17:56:47+00:00,32.704933,30.04985,4.84,250.6,251,Under way using engine,FISHING GROUNDS,4.1,WRONG_TRAJECTORY
620100004,FV Poseidon,Fishing,8920144,SU3391,2019-10-18T18:08:47+00:00,32.703737,30.045821,3.19,109.1,109,Under way using engine,FISHING GROUNDS,4.1,WRONG_TRAJECTORY
620100004,FV Poseidon,Fishing,8920144,SU3391,2019-10-18T18:20:47+00:00,32.702593,30.049746,3.8,324.2,324,Under way using engine,FISHING GROUNDS,4.1,WRONG_TRAJECTORY
620100004,FV Poseidon,Fishing,8920144,SU3391,2019-10-18T18:32:47+00:00,32.708768,30.044463,4.79,167.7,168,Under way using engine,FISHING GROUNDS,4.1,WRONG_TRAJECTORY
620100004,FV Poseidon,Fishing,8920144,SU3391,2019-10-18T18:44:47+00:00,32.703979,30.045709,3.27,33.9,34,Under way using engine,FISHING GROUNDS,4.1,WRONG_TRAJECTORY
620100004,FV Poseidon,Fishing,8920144,SU3391,2019-10-18T18:56:47+00:00,32.709057,30.049757,3.72,128.3,128,Under way using engine,FISHING GROUNDS,4.1,WRONG_TRAJECTORY
620100004,FV Poseidon,Fishing,8920144,SU3391,2019-10-18T19:08:47+00:00,32.707488,30.052117,4.03,232.8,233,Under way using engine,FISHING GROUNDS,4.1,WRONG_TRAJECTORY
620100004,FV Poseidon,Fishing,8920144,SU3391,2019-10-18T19:20:47+00:00,32.704865,30.048014,4.66,54.0,54,Under way using engine,FISHING GROUNDS,4.1,WRONG_TRAJECTORY
620100004,FV Poseidon,Fishing,8920144,SU3391,2019-10-18T19:32:47+00:00,32.707925,30.053024,4.43,184.0,184,Under way using engine,FISHING GROUNDS,4.1,WRONG_TRAJECTORY
620100004,FV Poseidon,Fishing,8920144,SU3391,2019-10-18T19:44:47+00:00,32.704236,30.052717,5.65,22.6,23,Under way using engine,FISHING GROUNDS,4.1,WRONG_TRAJECTORY
620100004,FV Poseidon,Fishing,8920144,SU3391,2019-10-18T19:56:47+00:00,32.7107,30.055914,5.02,207.5,207,Under way using engine,FISHING GROUNDS,4.1,WRONG_TRAJECTORY
620100004,FV Poseidon,Fishing,8920144,SU3391,2019-10-18T20:08:47+00:00,32.708115,30.054318,3.35,274.6,275,Under way using engine,FISHING GROUNDS,4.1,WRONG_TRAJECTORY
620100004,FV Poseidon,Fishing,8920144,SU3391,2019-10-18T20:20:47+00:00,32.708337,30.051052,3.61,220.4,220,Under way using engine,FISHING GROUNDS,4.1,WRONG_TRAJECTORY
620100004,FV Poseidon,Fishing,8920144,SU3391,2019-10-18T20:32:47+00:00,32.703699,30.046368,4.19,49.1,49,Under way using engine,FISHING GROUNDS,4.1,WRONG_TRAJECTORY
620100004,FV Poseidon,Fishing,8920144,SU3391,2019-10-18T20:44:47+00:00,32.708738,30.053293,3.65,194.6,195,Under way using engine,FISHING GROUNDS,4.1,WRONG_TRAJECTORY
620100004,FV Poseidon,Fishing,8920144,SU3391,2019-10-18T20:56:47+00:00,32.706503,30.052603,5.39,132.4,132,Under way using engine,FISHING GROUNDS,4.1,WRONG_TRAJECTORY
620100004,FV Poseidon,Fishing,8920144,SU3391,2019-10-18T21:08:47+00:00,32.703312,30.056756,5.2,343.4,343,Under way using engine,FISHING GROUNDS,4.1,WRONG_TRAJECTORY
620100004,FV Poseidon,Fishing,8920144,SU3391,2019-10-18T21:20:47+00:00,32.706999,30.055448,5.04,352.4,352,Under way using engine,FISHING GROUNDS,4.1,WRONG_TRAJECTORY
620100004,FV Poseidon,Fishing,8920144,SU3391,2019-10-18T21:32:47+00:00,32.711308,30.054763,4.97,111.3,111,Under way using engine,FISHING GROUNDS,4.1,WRONG_TRAJECTORY
620100004,FV Poseidon,Fishing,8920144,SU3391,2019-10-18T21:44:47+00:00,32.709822,30.059287,3.48,250.6,251,Under way using engine,FISHING GROUNDS,4.1,WRONG_TRAJECTORY
620100004,FV Poseidon,Fishing,8920144,SU3391,2019-10-18T21:56:47+00:00,32.708979,30.056441,5.53,287.5,287,Under way using engine,FISHING GROUNDS,4.1,WRONG_TRAJECTORY
620100004,FV Poseidon,Fishing,8920144,SU3391,2019-10-18T22:08:47+00:00,32.709366,30.054979,5.21,240.0,240,Under way using engine,FISHING GROUNDS,4.1,WRONG_TRAJECTORY
620100004,FV Poseidon,Fishing,8920144,SU3391,2019-10-18T22:20:47+00:00,32.708425,30.053041,5.27,83.3,83,Under way using engine,FISHING GROUNDS,4.1,WRONG_TRAJECTORY
620100004,FV Poseidon,Fishing,8920144,SU3391,2019-10-18T22:32:47+00:00,32.709426,30.063207,4.59,209.2,209,Under way using engine,FISHING GROUNDS,4.1,WRONG_TRAJECTORY
620100004,FV Poseidon,Fishing,8920144,SU3391,2019-10-18T22:44:47+00:00,32.702969,30.058919,4.53,8.8,9,Under way using engine,FISHING GROUNDS,4.1,WRONG_TRAJECTORY
620100004,FV Poseidon,Fishing,8920144,SU3391,2019-10-18T22:56:47+00:00,32.711093,30.06041,4.72,169.5,169,Under way using engine,FISHING GROUNDS,4.1,WRONG_TRAJECTORY
620100004,FV Poseidon,Fishing,8920144,SU3391,2019-10-18T23:08:47+00:00,32.707133,30.061284,4.25,296.2,296,Under way using engine,FISHING GROUNDS,4.1,WRONG_TRAJECTORY
620100004,FV Poseidon,Fishing,8920144,SU3391,2019-10-18T23:20:47+00:00,32.70854,30.057882,5.16,330.3,330,Under way using engine,FISHING GROUNDS,4.1,WRONG_TRAJECTORY
620100004,FV Poseidon,Fishing,8920144,SU3391,2019-10-18T23:32:47+00:00,32.710115,30.056815,4.98,129.2,129,Under way using engine,FISHING GROUNDS,4.1,WRONG_TRAJECTORY
620100004,FV Poseidon,Fishing,8920144,SU3391,2019-10-18T23:44:47+00:00,32.705912,30.062934,3.96,33.5,34,Under way using engine,FISHING GROUNDS,4.1,WRONG_TRAJECTORY
620100004,FV Poseidon,Fishing,8920144,SU3391,2019-10-18T23:56:47+00:00,32.710501,30.066548,3.01,207.1,207,Under way using engine,FISHING GROUNDS,4.1,WRONG_TRAJECTORY
620100004,FV Poseidon,Fishing,8920144,SU3391,2019-10-19T00:08:47+00:00,32.707479,30.064712,5.59,245.1,245,Under way using engine,FISHING GROUNDS,4.1,WRONG_TRAJECTORY
620100004,FV Poseidon,Fishing,8920144,SU3391,2019-10-19T00:20:47+00:00,32.70565,30.060031,3.4,19.3,19,Under way using engine,FISHING GROUNDS,4.1,WRONG_TRAJECTORY
620100004,FV Poseidon,Fishing,8920144,SU3391,2019-10-19T00:32:47+00:00,32.712334,30.062815,5.69,220.9,221,Under way using engine,FISHING GROUNDS,4.1,WRONG_TRAJECTORY
620100004,FV Poseidon,Fishing,8920144,SU3391,2019-10-19T00:44:47+00:00,32.707882,30.058234,4.95,68.0,68,Under way using engine,FISHING GROUNDS,4.1,WRONG_TRAJECTORY
620100004,FV Poseidon,Fishing,8920144,SU3391,2019-10-19T00:56:47+00:00,32.711174,30.067898,4.06,320.4,320,Under way using engine,FISHING GROUNDS,4.1,WRONG_TRAJECTORY
620100004,FV Poseidon,Fishing,8920144,SU3391,2019-10-19T01:08:47+00:00,32.71571,30.063431,3.01,149.5,149,Under way using engine,FISHING GROUNDS,4.1,WRONG_TRAJECTORY
620100004,FV Poseidon,Fishing,8920144,SU3391,2019-10-19T01:20:47+00:00,32.706256,30.070054,5.14,317.7,318,Under way using engine,FISHING GROUNDS,4.1,WRONG_TRAJECTORY
620100004,FV Poseidon,Fishing,8920144,SU3391,2019-10-19T01:32:47+00:00,32.711543,30.064343,4.3,124.0,124,Under way using engine,FISHING GROUNDS,4.1,WRONG_TRAJECTORY
620100004,FV Poseidon,Fishing,8920144,SU3391,2019-10-19T01:44:47+00:00,32.709474,30.067987,4.57,32.7,33,Under way using engine,FISHING GROUNDS,4.1,WRONG_TRAJECTORY
620100004,FV Poseidon,Fishing,8920144,SU3391,2019-10-19T01:56:47+00:00,32.716917,30.073677,4.63,229.8,230,Under way using engine,FISHING GROUNDS,4.1,WRONG_TRAJECTORY
620100004,FV Poseidon,Fishing,8920144,SU3391,2019-10-19T02:08:47+00:00,32.714572,30.070378,3.73,141.7,142,Under way using engine,FISHING GROUNDS,4.1,WRONG_TRAJECTORY
620100004,FV Poseidon,Fishing,8920144,SU3391,2019-10-19T02:20:47+00:00,32.711646,30.073121,3.21,265.3,265,Under way using engine,FISHING GROUNDS,4.1,WRONG_TRAJECTORY
620100004,FV Poseidon,Fishing,8920144,SU3391,2019-10-19T02:32:47+00:00,32.711323,30.068407,5.12,43.6,44,Under way using engine,FISHING GROUNDS,4.1,WRONG_TRAJECTORY
620100004,FV Poseidon,Fishing,8920144,SU3391,2019-10-19T02:44:47+00:00,32.714843,30.072396,4.4,195.7,196,Under way using engine,FISHING GROUNDS,4.1,WRONG_TRAJECTORY
620100004,FV Poseidon,Fishing,8920144,SU3391,2019-10-19T02:56:47+00:00,32.708742,30.070352,3.89,31.0,31,Under way using engine,FISHING GROUNDS,4.1,WRONG_TRAJECTORY
620100004,FV Poseidon,Fishing,8920144,SU3391,2019-10-19T03:08:47+00:00,32.709804,30.071111,3.6,18.5,19,Under way using engine,FISHING GROUNDS,4.1,WRONG_TRAJECTORY
620100004,FV Poseidon,Fishing,8920144,SU3391,2019-10-19T03:20:47+00:00,32.71704,30.073992,5.7,174.7,175,Under way using engine,FISHING GROUNDS,4.1,WRONG_TRAJECTORY
620100004,FV Poseidon,Fishing,8920144,SU3391,2019-10-19T03:32:47+00:00,32.713236,30.074414,4.14,8.8,9,Under way using engine,FISHING GROUNDS,4.1,WRONG_TRAJECTORY
620100004,FV Poseidon,Fishing,8920144,SU3391,2019-10-19T03:44:47+00:00,32.716496,30.075013,3.32,268.2,268,Under way using engine,FISHING GROUNDS,4.1,WRONG_TRAJECTORY
620100004,FV Poseidon,Fishing,8920144,SU3391,2019-10-19T03:56:47+00:00,32.716442,30.072937,4.04,65.2,65,Under way using engine,FISHING GROUNDS,4.1,WRONG_TRAJECTORY
620100004,FV Poseidon,Fishing,8920144,SU3391,2019-10-19T04:08:47+00:00,32.71882,30.079063,3.5,213.2,213,Under way using engine,FISHING GROUNDS,4.1,WRONG_TRAJECTORY
620100004,FV Poseidon,Fishing,8920144,SU3391,2019-10-19T04:20:47+00:00,32.709101,30.071493,3.07,348.2,348,Under way using engine,FISHING GROUNDS,4.1,WRONG_TRAJECTORY
620100004,FV Poseidon,Fishing,8920144,SU3391,2019-10-19T04:32:47+00:00,32.713923,30.070295,3.81,57.5,57,Under way using engine,FISHING GROUNDS,4.1,WRONG_TRAJECTORY
620100004,FV Poseidon,Fishing,8920144,SU3391,2019-10-19T04:44:47+00:00,32.716766,30.075598,5.27,194.6,195,Under way using engine,FISHING GROUNDS,4.1,WRONG_TRAJECTORY
620100004,FV Poseidon,Fishing,8920144,SU3391,2019-10-19T04:56:47+00:00,32.715374,30.075169,4.24,160.1,160,Under way using engine,FISHING GROUNDS,4.1,WRONG_TRAJECTORY
620100004,FV Poseidon,Fishing,8920144,SU3391,2019-10-19T05:08:47+00:00,32.710666,30.077195,3.22,56.1,56,Under way using engine,FISHING GROUNDS,4.1,WRONG_TRAJECTORY
620100004,FV Poseidon,Fishing,8920144,SU3391,2019-10-19T05:20:47+00:00,32.714084,30.08325,4.18,325.6,326,Under way using engine,FISHING GROUNDS,4.1,WRONG_TRAJECTORY
620100004,FV Poseidon,Fishing,8920144,SU3391,2019-10-19T05:32:47+00:00,32.717034,30.080851,3.43,187.3,187,Under way using engine,FISHING GROUNDS,4.1,WRONG_TRAJECTORY
620100004,FV Poseidon,Fishing,8920144,SU3391,2019-10-19T05:44:47+00:00,32.711505,30.080005,5.03,0.5,0,Under way using engine,FISHING GROUNDS,4.1,WRONG_TRAJECTORY
620100004,FV Poseidon,Fishing,8920144,SU3391,2019-10-19T05:56:47+00:00,32.715727,30.080048,3.19,195.4,195,Under way using engine,FISHING GROUNDS,4.1,WRONG_TRAJECTORY
620100004,FV Poseidon,Fishing,8920144,SU3391,2019-10-19T06:08:47+00:00,32.714533,30.079656,3.71,16.3,16,Under way using engine,FISHING GROUNDS,4.1,WRONG_TRAJECTORY
620100004,FV Poseidon,Fishing,8920144,SU3391,2019-10-19T06:20:47+00:00,32.716065,30.080187,3.67,332.0,332,Under way using engine,FISHING GROUNDS,4.1,WRONG_TRAJECTORY
620100004,FV Poseidon,Fishing,8920144,SU3391,2019-10-19T06:32:47+00:00,32.717907,30.079024,4.21,149.1,149,Under way using engine,FISHING GROUNDS,4.1,WRONG_TRAJECTORY
620100004,FV Poseidon,Fishing,8920144,SU3391,2019-10-19T06:44:47+00:00,32.713755,30.081975,3.17,153.5,153,Under way using engine,FISHING GROUNDS,4.1,WRONG_TRAJECTORY
620100004,FV Poseidon,Fishing,8920144,SU3391,2019-10-19T06:56:47+00:00,32.708227,30.085252,3.94,352.3,352,Under way using engine,FISHING GROUNDS,4.1,WRONG_TRAJECTORY
620100004,FV Poseidon,Fishing,8920144,SU3391,2019-10-19T07:08:47+00:00,32.716908,30.083862,4.51,188.5,189,Under way using engine,FISHING GROUNDS,4.1,WRONG_TRAJECTORY
620100004,FV Poseidon,Fishing,8920144,SU3391,2019-10-19T07:20:47+00:00,32.712146,30.083013,4.97,60.7,61,Under way using engine,FISHING GROUNDS,4.1,WRONG_TRAJECTORY
620100004,FV Poseidon,Fishing,8920144,SU3391,2019-10-19T07:32:47+00:00,32.714169,30.087301,4.53,352.8,353,Under way using engine,FISHING GROUNDS,4.1,WRONG_TRAJECTORY
620100004,FV Poseidon,Fishing,8920144,SU3391,2019-10-19T07:44:47+00:00,32.719566,30.086493,4.64,177.5,178,Under way using engine,FISHING GROUNDS,4.1,WRONG_TRAJECTORY
620100004,FV Poseidon,Fishing,8920144,SU3391,2019-10-19T07:56:47+00:00,32.716408,30.086654,3.41,335.3,335,Under way using engine,FISHING GROUNDS,4.1,WRONG_TRAJECTORY
620100004,FV Poseidon,Fishing,8920144,SU3391,2019-10-19T08:08:47+00:00,32.717296,30.086169,5.3,58.3,58,Under way using engine,FISHING GROUNDS,4.1,WRONG_TRAJECTORY
620100004,FV Poseidon,Fishing,8920144,SU3391,2019-10-19T08:20:47+00:00,32.723219,30.09759,3.31,255.1,255,Under way using engine,FISHING GROUNDS,4.1,WRONG_TRAJECTORY
620100004,FV Poseidon,Fishing,8920144,SU3391,2019-10-19T08:32:47+00:00,32.72212,30.092679,3.18,81.9,82,Under way using engine,FISHING GROUNDS,4.1,WRONG_TRAJECTORY
620100004,FV Poseidon,Fishing,8920144,SU3391,2019-10-19T08:44:47+00:00,32.722638,30.097035,3.22,251.6,252,Under way using engine,FISHING GROUNDS,4.1,WRONG_TRAJECTORY
620100004,FV Poseidon,Fishing,8920144,SU3391,2019-10-19T08:56:47+00:00,32.71895,30.083836,3.45,79.2,79,Under way using engine,FISHING GROUNDS,4.1,WRONG_TRAJECTORY
620100004,FV Poseidon,Fishing,8920144,SU3391,2019-10-19T09:08:47+00:00,32.721488,30.09963,4.11,13.9,14,Under way using engine,FISHING GROUNDS,4.1,WRONG_TRAJECTORY
620100004,FV Poseidon,Fishing,8920144,SU3391,2019-10-19T09:20:47+00:00,32.725357,30.100772,3.17,305.5,305,Under way using engine,FISHING GROUNDS,4.1,WRONG_TRAJECTORY
620100004,FV Poseidon,Fishing,8920144,SU3391,2019-10-19T09:32:47+00:00,32.728358,30.095771,4.24,193.6,194,Under way using engine,FISHING GROUNDS,4.1,WRONG_TRAJECTORY
620100004,FV Poseidon,Fishing,8920144,SU3391,2019-10-19T09:44:47+00:00,32.722895,30.094202,3.44,8.6,9,Under way using engine,FISHING GROUNDS,4.1,WRONG_TRAJECTORY
620100004,FV Poseidon,Fishing,8920144,SU3391,2019-10-19T09:56:47+00:00,32.728986,30.095295,4.4,130.8,131,Under way using engine,FISHING GROUNDS,4.1,WRONG_TRAJECTORY
620100004,FV Poseidon,Fishing,8920144,SU3391,2019-10-19T10:08:47+00:00,32.727136,30.097843,5.37,116.6,117,Under way using engine,FISHING GROUNDS,4.1,WRONG_TRAJECTORY
620100004,FV Poseidon,Fishing,8920144,SU3391,2019-10-19T10:20:47+00:00,32.725752,30.101134,4.22,351.6,352,Under way using engine,FISHING GROUNDS,4.1,WRONG_TRAJECTORY
620100004,FV Poseidon,Fishing,8920144,SU3391,2019-10-19T10:32:47+00:00,32.730149,30.100366,4.45,168.2,168,Under way using engine,FISHING GROUNDS,4.1,WRONG_TRAJECTORY
620100004,FV Poseidon,Fishing,8920144,SU3391,2019-10-19T10:44:47+00:00,32.725246,30.101584,4.77,58.4,58,Under way using engine,FISHING GROUNDS,4.1,WRONG_TRAJECTORY
620100004,FV Poseidon,Fishing,8920144,SU3391,2019-10-19T10:56:47+00:00,32.727554,30.106045,5.09,203.6,204,Under way using engine,FISHING GROUNDS,4.1,WRONG_TRAJECTORY
620100004,FV Poseidon,Fishing,8920144,SU3391,2019-10-19T11:08:47+00:00,32.724008,30.104202,5.14,14.6,15,Under way using engine,FISHING GROUNDS,4.1,WRONG_TRAJECTORY
620100004,FV Poseidon,Fishing,8920144,SU3391,2019-10-19T11:20:47+00:00,32.735787,30.10784,5.15,221.7,222,Under way using engine,FISHING GROUNDS,4.1,WRONG_TRAJECTORY
620100004,FV Poseidon,Fishing,8920144,SU3391,2019-10-19T11:32:47+00:00,32.73313,30.105025,4.44,257.8,258,Under way using engine,FISHING GROUNDS,4.1,WRONG_TRAJECTORY
620100004,FV Poseidon,Fishing,8920144,SU3391,2019-10-19T11:44:47+00:00,32.732954,30.104061,5.14,47.9,48,Under way using engine,FISHING GROUNDS,4.1,WRONG_TRAJECTORY
620100004,FV Poseidon,Fishing,8920144,SU3391,2019-10-19T11:56:47+00:00,32.734668,30.106317,5.45,162.4,162,Under way using engine,FISHING GROUNDS,4.1,WRONG_TRAJECTORY
620100004,FV Poseidon,Fishing,8920144,SU3391,2019-10-19T12:08:47+00:00,32.731829,30.107389,3.5,55.8,56,Under way using engine,FISHING GROUNDS,4.1,WRONG_TRAJECTORY
620100004,FV Poseidon,Fishing,8920144,SU3391,2019-10-19T12:20:47+00:00,32.734394,30.111883,3.41,327.7,328,Under way using engine,FISHING GROUNDS,4.1,WRONG_TRAJECTORY
620100004,FV Poseidon,Fishing,8920144,SU3391,2019-10-19T12:32:47+00:00,32.740354,30.107397,3.23,140.0,140,Under way using engine,FISHING GROUNDS,4.1,WRONG_TRAJECTORY
620100004,FV Poseidon,Fishing,8920144,SU3391,2019-10-19T12:44:47+00:00,32.735408,30.112324,4.36,96.1,96,Under way using engine,FISHING GROUNDS,4.1,WRONG_TRAJECTORY
620100004,FV Poseidon,Fishing,8920144,SU3391,2019-10-19T12:56:47+00:00,32.735261,30.113957,5.66,96.1,96,Under way using engine,FISHING GROUNDS,4.1,WRONG_TRAJECTORY
620100005,MV Aegean Star,General Cargo,9214480,SX5520,2019-10-18T06:56:47+00:00,32.895615,29.862743,11.8,91.7,92,Under way using engine,MERSIN,7.5,IRRELEVANT
620100005,MV Aegean Star,General Cargo,9214480,SX5520,2019-10-18T07:08:47+00:00,32.895481,29.868032,11.8,89.7,90,Under way using engine,MERSIN,7.5,IRRELEVANT
620100005,MV Aegean Star,General Cargo,9214480,SX5520,2019-10-18T07:20:47+00:00,32.895503,29.87324,12.02,89.3,89,Under way using engine,MERSIN,7.5,IRRELEVANT
620100005,MV Aegean Star,General Cargo,9214480,SX5520,2019-10-18T07:32:47+00:00,32.895558,29.878633,11.75,91.8,92,Under way using engine,MERSIN,7.5,IRRELEVANT
620100005,MV Aegean Star,General Cargo,9214480,SX5520,2019-10-18T07:44:47+00:00,32.895419,29.883993,12.21,88.8,89,Under way using engine,MERSIN,7.5,IRRELEVANT
620100005,MV Aegean Star,General Cargo,9214480,SX5520,2019-10-18T07:56:47+00:00,32.895517,29.889398,12.13,90.6,91,Under way using engine,MERSIN,7.5,IRRELEVANT
620100005,MV Aegean Star,General Cargo,9214480,SX5520,2019-10-18T08:08:47+00:00,32.89547,29.894404,12.19,92.3,92,Under way using engine,MERSIN,7.5,IRRELEVANT
620100005,MV Aegean Star,General Cargo,9214480,SX5520,2019-10-18T08:20:47+00:00,32.895288,29.899873,12.0,88.0,88,Under way using engine,MERSIN,7.5,IRRELEVANT
620100005,MV Aegean Star,General Cargo,9214480,SX5520,2019-10-18T08:32:47+00:00,32.89545,29.905366,11.8,88.3,88,Under way using engine,MERSIN,7.5,IRRELEVANT
620100005,MV Aegean Star,General Cargo,9214480,SX5520,2019-10-18T08:44:47+00:00,32.895584,29.910655,11.76,91.8,92,Under way using engine,MERSIN,7.5,IRRELEVANT
620100005,MV Aegean Star,General Cargo,9214480,SX5520,2019-10-18T08:56:47+00:00,32.895443,29.915892,11.91,87.2,87,Under way using engine,MERSIN,7.5,IRRELEVANT
620100005,MV Aegean Star,General Cargo,9214480,SX5520,2019-10-18T09:08:47+00:00,32.895662,29.921234,12.09,93.9,94,Under way using engine,MERSIN,7.5,IRRELEVANT
620100005,MV Aegean Star,General Cargo,9214480,SX5520,2019-10-18T09:20:47+00:00,32.895348,29.926724,12.2,87.5,87,Under way using engine,MERSIN,7.5,IRRELEVANT
620100005,MV Aegean Star,General Cargo,9214480,SX5520,2019-10-18T09:32:47+00:00,32.89554,29.931931,12.08,90.0,90,Under way using engine,MERSIN,7.5,IRRELEVANT
620100005,MV Aegean Star,General Cargo,9214480,SX5520,2019-10-18T09:44:47+00:00,32.895537,29.937188,11.9,91.0,91,Under way using engine,MERSIN,7.5,IRRELEVANT
620100005,MV Aegean Star,General Cargo,9214480,SX5520,2019-10-18T09:56:47+00:00,32.895454,29.94262,11.8,89.9,90,Under way using engine,MERSIN,7.5,IRRELEVANT
620100005,MV Aegean Star,General Cargo,9214480,SX5520,2019-10-18T10:08:47+00:00,32.89546,29.947986,12.2,88.3,88,Under way using engine,MERSIN,7.5,IRRELEVANT
620100005,MV Aegean Star,General Cargo,9214480,SX5520,2019-10-18T10:20:47+00:00,32.895587,29.953132,12.12,93.5,93,Under way using engine,MERSIN,7.5,IRRELEVANT
620100005,MV Aegean Star,General Cargo,9214480,SX5520,2019-10-18T10:32:47+00:00,32.895306,29.958613,11.83,86.9,87,Under way using engine,MERSIN,7.5,IRRELEVANT
620100005,MV Aegean Star,General Cargo,9214480,SX5520,2019-10-18T10:44:47+00:00,32.895551,29.963951,12.22,89.7,90,Under way using engine,MERSIN,7.5,IRRELEVANT
620100005,MV Aegean Star,General Cargo,9214480,SX5520,2019-10-18T10:56:47+00:00,32.895572,29.969333,12.1,90.4,90,Under way using engine,MERSIN,7.5,IRRELEVANT
620100005,MV Aegean Star,General Cargo,9214480,SX5520,2019-10-18T11:08:47+00:00,32.895541,29.974576,12.1,91.7,92,Under way using engine,MERSIN,7.5,IRRELEVANT
620100005,MV Aegean Star,General Cargo,9214480,SX5520,2019-10-18T11:20:47+00:00,32.895403,29.979948,11.97,87.3,87,Under way using engine,MERSIN,7.5,IRRELEVANT
620100005,MV Aegean Star,General Cargo,9214480,SX5520,2019-10-18T11:32:47+00:00,32.895611,29.985255,12.03,91.1,91,Under way using engine,MERSIN,7.5,IRRELEVANT
620100005,MV Aegean Star,General Cargo,9214480,SX5520,2019-10-18T11:44:47+00:00,32.895525,29.990594,11.77,91.0,91,Under way using engine,MERSIN,7.5,IRRELEVANT
620100005,MV Aegean Star,General Cargo,9214480,SX5520,2019-10-18T11:56:47+00:00,32.895446,29.995924,12.14,89.6,90,Under way using engine,MERSIN,7.5,IRRELEVANT
620100005,MV Aegean Star,General Cargo,9214480,SX5520,2019-10-18T12:08:47+00:00,32.895478,30.001309,12.22,89.0,89,Under way using engine,MERSIN,7.5,IRRELEVANT
620100005,MV Aegean Star,General Cargo,9214480,SX5520,2019-10-18T12:20:47+00:00,32.895551,30.006574,12.15,89.5,90,Under way using engine,MERSIN,7.5,IRRELEVANT
620100005,MV Aegean Star,General Cargo,9214480,SX5520,2019-10-18T12:32:47+00:00,32.895589,30.011881,11.87,90.6,91,Under way using engine,MERSIN,7.5,IRRELEVANT
620100005,MV Aegean Star,General Cargo,9214480,SX5520,2019-10-18T12:44:47+00:00,32.895537,30.01745,11.76,93.0,93,Under way using engine,MERSIN,7.5,IRRELEVANT
620100005,MV Aegean Star,General Cargo,9214480,SX5520,2019-10-18T12:56:47+00:00,32.895311,30.02257,12.06,88.9,89,Under way using engine,MERSIN,7.5,IRRELEVANT
620100005,MV Aegean Star,General Cargo,9214480,SX5520,2019-10-18T13:08:47+00:00,32.895395,30.027827,12.15,88.2,88,Under way using engine,MERSIN,7.5,IRRELEVANT
620100005,MV Aegean Star,General Cargo,9214480,SX5520,2019-10-18T13:20:47+00:00,32.895543,30.033357,12.06,90.7,91,Under way using engine,MERSIN,7.5,IRRELEVANT
620100005,MV Aegean Star,General Cargo,9214480,SX5520,2019-10-18T13:32:47+00:00,32.89549,30.038583,12.18,89.8,90,Under way using engine,MERSIN,7.5,IRRELEVANT
620100005,MV Aegean Star,General Cargo,9214480,SX5520,2019-10-18T13:44:47+00:00,32.895508,30.043887,12.3,90.0,90,Under way using engine,MERSIN,7.5,IRRELEVANT
620100005,MV Aegean Star,General Cargo,9214480,SX5520,2019-10-18T13:56:47+00:00,32.895507,30.049383,11.74,89.6,90,Under way using engine,MERSIN,7.5,IRRELEVANT
620100005,MV Aegean Star,General Cargo,9214480,SX5520,2019-10-18T14:08:47+00:00,32.895535,30.054716,11.77,89.2,89,Under way using engine,MERSIN,7.5,IRRELEVANT
620100005,MV Aegean Star,General Cargo,9214480,SX5520,2019-10-18T14:20:47+00:00,32.895598,30.059983,12.23,90.4,90,Under way using engine,MERSIN,7.5,IRRELEVANT
620100005,MV Aegean Star,General Cargo,9214480,SX5520,2019-10-18T14:32:47+00:00,32.895565,30.065535,11.96,91.8,92,Under way using engine,MERSIN,7.5,IRRELEVANT
620100005,MV Aegean Star,General Cargo,9214480,SX5520,2019-10-18T14:44:47+00:00,32.895435,30.070417,12.16,88.1,88,Under way using engine,MERSIN,7.5,IRRELEVANT
620100005,MV Aegean Star,General Cargo,9214480,SX5520,2019-10-18T14:56:47+00:00,32.895589,30.075956,11.97,89.1,89,Under way using engine,MERSIN,7.5,IRRELEVANT
620100005,MV Aegean Star,General Cargo,9214480,SX5520,2019-10-18T15:08:47+00:00,32.895661,30.081398,12.06,93.4,93,Under way using engine,MERSIN,7.5,IRRELEVANT
620100005,MV Aegean Star,General Cargo,9214480,SX5520,2019-10-18T15:20:47+00:00,32.895399,30.086678,12.01,89.0,89,Under way using engine,MERSIN,7.5,IRRELEVANT
620100005,MV Aegean Star,General Cargo,9214480,SX5520,2019-10-18T15:32:47+00:00,32.895475,30.091849,11.99,89.2,89,Under way using engine,MERSIN,7.5,IRRELEVANT
620100005,MV Aegean Star,General Cargo,9214480,SX5520,2019-10-18T15:44:47+00:00,32.895542,30.097281,12.06,90.5,90,Under way using engine,MERSIN,7.5,IRRELEVANT
620100005,MV Aegean Star,General Cargo,9214480,SX5520,2019-10-18T15:56:47+00:00,32.895504,30.10277,12.08,90.2,90,Under way using engine,MERSIN,7.5,IRRELEVANT
620100005,MV Aegean Star,General Cargo,9214480,SX5520,2019-10-18T16:08:47+00:00,32.895489,30.107915,11.92,90.6,91,Under way using engine,MERSIN,7.5,IRRELEVANT
620100005,MV Aegean Star,General Cargo,9214480,SX5520,2019-10-18T16:20:47+00:00,32.895439,30.113263,11.78,89.5,89,Under way using engine,MERSIN,7.5,IRRELEVANT
620100005,MV Aegean Star,General Cargo,9214480,SX5520,2019-10-18T16:32:47+00:00,32.895478,30.118393,11.82,91.6,92,Under way using engine,MERSIN,7.5,IRRELEVANT
620100005,MV Aegean Star,General Cargo,9214480,SX5520,2019-10-18T16:44:47+00:00,32.89535,30.124009,11.82,88.3,88,Under way using engine,MERSIN,7.5,IRRELEVANT
620100005,MV Aegean Star,General Cargo,9214480,SX5520,2019-10-18T16:56:47+00:00,32.89548,30.129267,11.7,90.1,90,Under way using engine,MERSIN,7.5,IRRELEVANT
620100005,MV Aegean Star,General Cargo,9214480,SX5520,2019-10-18T17:08:47+00:00,32.895469,30.134525,12.18,89.1,89,Under way using engine,MERSIN,7.5,IRRELEVANT
620100005,MV Aegean Star,General Cargo,9214480,SX5520,2019-10-18T17:20:47+00:00,32.895548,30.140206,11.88,90.9,91,Under way using engine,MERSIN,7.5,IRRELEVANT
620100005,MV Aegean Star,General Cargo,9214480,SX5520,2019-10-18T17:32:47+00:00,32.895484,30.145334,11.75,90.9,91,Under way using engine,MERSIN,7.5,IRRELEVANT
620100005,MV Aegean Star,General Cargo,9214480,SX5520,2019-10-18T17:44:47+00:00,32.895411,30.150627,11.91,87.5,87,Under way using engine,MERSIN,7.5,IRRELEVANT
620100005,MV Aegean Star,General Cargo,9214480,SX5520,2019-10-18T17:56:47+00:00,32.895608,30.155935,12.0,91.9,92,Under way using engine,MERSIN,7.5,IRRELEVANT
620100005,MV Aegean Star,General Cargo,9214480,SX5520,2019-10-18T18:08:47+00:00,32.89546,30.161201,11.94,91.8,92,Under way using engine,MERSIN,7.5,IRRELEVANT
620100005,MV Aegean Star,General Cargo,9214480,SX5520,2019-10-18T18:20:47+00:00,32.89532,30.166442,12.24,86.9,87,Under way using engine,MERSIN,7.5,IRRELEVANT
620100005,MV Aegean Star,General Cargo,9214480,SX5520,2019-10-18T18:32:47+00:00,32.895577,30.172086,11.89,91.6,92,Under way using engine,MERSIN,7.5,IRRELEVANT
620100005,MV Aegean Star,General Cargo,9214480,SX5520,2019-10-18T18:44:47+00:00,32.895452,30.177281,11.85,89.2,89,Under way using engine,MERSIN,7.5,IRRELEVANT
620100005,MV Aegean Star,General Cargo,9214480,SX5520,2019-10-18T18:56:47+00:00,32.895514,30.182539,12.11,90.5,91,Under way using engine,MERSIN,7.5,IRRELEVANT
620100005,MV Aegean Star,General Cargo,9214480,SX5520,2019-10-18T19:08:47+00:00,32.895473,30.187844,11.97,90.8,91,Under way using engine,MERSIN,7.5,IRRELEVANT
620100005,MV Aegean Star,General Cargo,9214480,SX5520,2019-10-18T19:20:47+00:00,32.895411,30.193236,11.95,89.0,89,Under way using engine,MERSIN,7.5,IRRELEVANT
620100005,MV Aegean Star,General Cargo,9214480,SX5520,2019-10-18T19:32:47+00:00,32.895487,30.198608,11.75,89.2,89,Under way using engine,MERSIN,7.5,IRRELEVANT
620100005,MV Aegean Star,General Cargo,9214480,SX5520,2019-10-18T19:44:47+00:00,32.895551,30.203917,12.1,92.0,92,Under way using engine,MERSIN,7.5,IRRELEVANT
620100005,MV Aegean Star,General Cargo,9214480,SX5520,2019-10-18T19:56:47+00:00,32.895391,30.209408,12.06,88.3,88,Under way using engine,MERSIN,7.5,IRRELEVANT
620100005,MV Aegean Star,General Cargo,9214480,SX5520,2019-10-18T20:08:47+00:00,32.895521,30.214676,12.22,91.1,91,Under way using engine,MERSIN,7.5,IRRELEVANT
620100005,MV Aegean Star,General Cargo,9214480,SX5520,2019-10-18T20:20:47+00:00,32.895439,30.219969,12.24,89.1,89,Under way using engine,MERSIN,7.5,IRRELEVANT
620100005,MV Aegean Star,General Cargo,9214480,SX5520,2019-10-18T20:32:47+00:00,32.895506,30.225192,11.79,90.1,90,Under way using engine,MERSIN,7.5,IRRELEVANT
620100005,MV Aegean Star,General Cargo,9214480,SX5520,2019-10-18T20:44:47+00:00,32.895497,30.230579,11.88,86.5,87,Under way using engine,MERSIN,7.5,IRRELEVANT
620100005,MV Aegean Star,General Cargo,9214480,SX5520,2019-10-18T20:56:47+00:00,32.895768,30.235885,11.73,93.3,93,Under way using engine,MERSIN,7.5,IRRELEVANT
620100005,MV Aegean Star,General Cargo,9214480,SX5520,2019-10-18T21:08:47+00:00,32.895516,30.241164,11.91,89.1,89,Under way using engine,MERSIN,7.5,IRRELEVANT
620100005,MV Aegean Star,General Cargo,9214480,SX5520,2019-10-18T21:20:47+00:00,32.895586,30.246729,12.21,91.9,92,Under way using engine,MERSIN,7.5,IRRELEVANT
620100005,MV Aegean Star,General Cargo,9214480,SX5520,2019-10-18T21:32:47+00:00,32.895435,30.252111,12.1,90.4,90,Under way using engine,MERSIN,7.5,IRRELEVANT
620100005,MV Aegean Star,General Cargo,9214480,SX5520,2019-10-18T21:44:47+00:00,32.895406,30.257157,12.17,87.1,87,Under way using engine,MERSIN,7.5,IRRELEVANT
620100005,MV Aegean Star,General Cargo,9214480,SX5520,2019-10-18T21:56:47+00:00,32.895639,30.262575,12.19,89.0,89,Under way using engine,MERSIN,7.5,IRRELEVANT
620100005,MV Aegean Star,General Cargo,9214480,SX5520,2019-10-18T22:08:47+00:00,32.895718,30.267864,12.05,80.8,81,Under way using engine,MERSIN,7.5,IRRELEVANT
620100005,MV Aegean Star,General Cargo,9214480,SX5520,2019-10-18T22:20:47+00:00,32.89643,30.2731,12.12,87.9,88,Under way using engine,MERSIN,7.5,IRRELEVANT
620100005,MV Aegean Star,General Cargo,9214480,SX5520,2019-10-18T22:32:47+00:00,32.896601,30.278748,11.8,84.9,85,Under way using engine,MERSIN,7.5,IRRELEVANT
620100005,MV Aegean Star,General Cargo,9214480,SX5520,2019-10-18T22:44:47+00:00,32.896989,30.283912,12.23,84.7,85,Under way using engine,MERSIN,7.5,IRRELEVANT
620100005,MV Aegean Star,General Cargo,9214480,SX5520,2019-10-18T22:56:47+00:00,32.897404,30.289224,11.72,82.3,82,Under way using engine,MERSIN,7.5,IRRELEVANT
620100005,MV Aegean Star,General Cargo,9214480,SX5520,2019-10-18T23:08:47+00:00,32.898031,30.29474,11.9,86.6,87,Under way using engine,MERSIN,7.5,IRRELEVANT
620100005,MV Aegean Star,General Cargo,9214480,SX5520,2019-10-18T23:20:47+00:00,32.898285,30.299862,11.89,83.8,84,Under way using engine,MERSIN,7.5,IRRELEVANT
620100005,MV Aegean Star,General Cargo,9214480,SX5520,2019-10-18T23:32:47+00:00,32.898796,30.305428,11.92,83.5,83,Under way using engine,MERSIN,7.5,IRRELEVANT
620100005,MV Aegean Star,General Cargo,9214480,SX5520,2019-10-18T23:44:47+00:00,32.899289,30.310554,11.78,87.9,88,Under way using engine,MERSIN,7.5,IRRELEVANT
620100005,MV Aegean Star,General Cargo,9214480,SX5520,2019-10-18T23:56:47+00:00,32.899453,30.315932,12.0,84.5,84,Under way using engine,MERSIN,7.5,IRRELEVANT
620100005,MV Aegean Star,General Cargo,9214480,SX5520,2019-10-19T00:08:47+00:00,32.89989,30.321308,11.72,84.8,85,Under way using engine,MERSIN,7.5,IRRELEVANT
620100005,MV Aegean Star,General Cargo,9214480,SX5520,2019-10-19T00:20:47+00:00,32.900291,30.326563,11.8,87.1,87,Under way using engine,MERSIN,7.5,IRRELEVANT
620100005,MV Aegean Star,General Cargo,9214480,SX5520,2019-10-19T00:32:47+00:00,32.90052,30.331898,12.24,81.7,82,Under way using engine,MERSIN,7.5,IRRELEVANT
620100005,MV Aegean Star,General Cargo,9214480,SX5520,2019-10-19T00:44:47+00:00,32.90117,30.337233,12.06,87.7,88,Under way using engine,MERSIN,7.5,IRRELEVANT
620100005,MV Aegean Star,General Cargo,9214480,SX5520,2019-10-19T00:56:47+00:00,32.901346,30.342451,11.9,84.6,85,Under way using engine,MERSIN,7.5,IRRELEVANT
620100005,MV Aegean Star,General Cargo,9214480,SX5520,2019-10-19T01:08:47+00:00,32.901781,30.347948,12.03,81.4,81,Under way using engine,MERSIN,7.5,IRRELEVANT
620100005,MV Aegean Star,General Cargo,9214480,SX5520,2019-10-19T01:20:47+00:00,32.902457,30.353292,12.2,89.2,89,Under way using engine,MERSIN,7.5,IRRELEVANT
620100005,MV Aegean Star,General Cargo,9214480,SX5520,2019-10-19T01:32:47+00:00,32.90252,30.358546,11.86,84.2,84,Under way using engine,MERSIN,7.5,IRRELEVANT
620100005,MV Aegean Star,General Cargo,9214480,SX5520,2019-10-19T01:44:47+00:00,32.902974,30.363847,12.28,85.9,86,Under way using engine,MERSIN,7.5,IRRELEVANT
620100005,MV Aegean Star,General Cargo,9214480,SX5520,2019-10-19T01:56:47+00:00,32.903302,30.369341,12.05,82.3,82,Under way using engine,MERSIN,7.5,IRRELEVANT
620100005,MV Aegean Star,General Cargo,9214480,SX5520,2019-10-19T02:08:47+00:00,32.903883,30.374489,12.08,87.9,88,Under way using engine,MERSIN,7.5,IRRELEVANT
620100005,MV Aegean Star,General Cargo,9214480,SX5520,2019-10-19T02:20:47+00:00,32.904047,30.379905,12.3,81.5,82,Under way using engine,MERSIN,7.5,IRRELEVANT
620100005,MV Aegean Star,General Cargo,9214480,SX5520,2019-10-19T02:32:47+00:00,32.904729,30.385357,12.04,86.8,87,Under way using engine,MERSIN,7.5,IRRELEVANT
620100005,MV Aegean Star,General Cargo,9214480,SX5520,2019-10-19T02:44:47+00:00,32.904977,30.39065,11.94,83.2,83,Under way using engine,MERSIN,7.5,IRRELEVANT
620100005,MV Aegean Star,General Cargo,9214480,SX5520,2019-10-19T02:56:47+00:00,32.905497,30.395877,12.03,84.6,85,Under way using engine,MERSIN,7.5,IRRELEVANT
620100005,MV Aegean Star,General Cargo,9214480,SX5520,2019-10-19T03:08:47+00:00,32.905925,30.401313,12.02,85.7,86,Under way using engine,MERSIN,7.5,IRRELEVANT
620100005,MV Aegean Star,General Cargo,9214480,SX5520,2019-10-19T03:20:47+00:00,32.906264,30.406628,12.18,83.6,84,Under way using engine,MERSIN,7.5,IRRELEVANT
620100005,MV Aegean Star,General Cargo,9214480,SX5520,2019-10-19T03:32:47+00:00,32.906762,30.411896,12.27,85.8,86,Under way using engine,MERSIN,7.5,IRRELEVANT
620100005,MV Aegean Star,General Cargo,9214480,SX5520,2019-10-19T03:44:47+00:00,32.907088,30.417149,12.29,83.4,83,Under way using engine,MERSIN,7.5,IRRELEVANT
620100005,MV Aegean Star,General Cargo,9214480,SX5520,2019-10-19T03:56:47+00:00,32.907613,30.422595,12.05,88.1,88,Under way using engine,MERSIN,7.5,IRRELEVANT
620100005,MV Aegean Star,General Cargo,9214480,SX5520,2019-10-19T04:08:47+00:00,32.907755,30.427849,11.82,84.1,84,Under way using engine,MERSIN,7.5,IRRELEVANT
620100005,MV Aegean Star,General Cargo,9214480,SX5520,2019-10-19T04:20:47+00:00,32.90824,30.433404,12.01,80.4,80,Under way using engine,MERSIN,7.5,IRRELEVANT
620100005,MV Aegean Star,General Cargo,9214480,SX5520,2019-10-19T04:32:47+00:00,32.908972,30.438573,12.22,88.4,88,Under way using engine,MERSIN,7.5,IRRELEVANT
620100005,MV Aegean Star,General Cargo,9214480,SX5520,2019-10-19T04:44:47+00:00,32.909095,30.443962,12.2,84.4,84,Under way using engine,MERSIN,7.5,IRRELEVANT
620100005,MV Aegean Star,General Cargo,9214480,SX5520,2019-10-19T04:56:47+00:00,32.909541,30.449416,12.27,85.5,86,Under way using engine,MERSIN,7.5,IRRELEVANT
620100005,MV Aegean Star,General Cargo,9214480,SX5520,2019-10-19T05:08:47+00:00,32.90988,30.454585,12.21,83.2,83,Under way using engine,MERSIN,7.5,IRRELEVANT
620100005,MV Aegean Star,General Cargo,9214480,SX5520,2019-10-19T05:20:47+00:00,32.910417,30.459913,12.24,85.4,85,Under way using engine,MERSIN,7.5,IRRELEVANT
620100005,MV Aegean Star,General Cargo,9214480,SX5520,2019-10-19T05:32:47+00:00,32.910759,30.464973,12.08,83.5,83,Under way using engine,MERSIN,7.5,IRRELEVANT
620100005,MV Aegean Star,General Cargo,9214480,SX5520,2019-10-19T05:44:47+00:00,32.911296,30.470576,12.13,88.4,88,Under way using engine,MERSIN,7.5,IRRELEVANT
620100005,MV Aegean Star,General Cargo,9214480,SX5520,2019-10-19T05:56:47+00:00,32.911423,30.475974,11.88,82.3,82,Under way using engine,MERSIN,7.5,IRRELEVANT
620100005,MV Aegean Star,General Cargo,9214480,SX5520,2019-10-19T06:08:47+00:00,32.912015,30.481214,11.87,85.2,85,Under way using engine,MERSIN,7.5,IRRELEVANT
620100005,MV Aegean Star,General Cargo,9214480,SX5520,2019-10-19T06:20:47+00:00,32.912395,30.486651,11.88,85.5,85,Under way using engine,MERSIN,7.5,IRRELEVANT
620100005,MV Aegean Star,General Cargo,9214480,SX5520,2019-10-19T06:32:47+00:00,32.912752,30.492005,11.79,84.5,85,Under way using engine,MERSIN,7.5,IRRELEVANT
620100005,MV Aegean Star,General Cargo,9214480,SX5520,2019-10-19T06:44:47+00:00,32.91318,30.497342,12.1,85.1,85,Under way using engine,MERSIN,7.5,IRRELEVANT
620100005,MV Aegean Star,General Cargo,9214480,SX5520,2019-10-19T06:56:47+00:00,32.913558,30.502645,12.07,85.6,86,Under way using engine,MERSIN,7.5,IRRELEVANT
620100005,MV Aegean Star,General Cargo,9214480,SX5520,2019-10-19T07:08:47+00:00,32.913897,30.507845,11.75,86.9,87,Under way using engine,MERSIN,7.5,IRRELEVANT
620100005,MV Aegean Star,General Cargo,9214480,SX5520,2019-10-19T07:20:47+00:00,32.914136,30.513103,11.74,84.0,84,Under way using engine,MERSIN,7.5,IRRELEVANT
620100005,MV Aegean Star,General Cargo,9214480,SX5520,2019-10-19T07:32:47+00:00,32.914621,30.518569,12.18,84.0,84,Under way using engine,MERSIN,7.5,IRRELEVANT
620100005,MV Aegean Star,General Cargo,9214480,SX5520,2019-10-19T07:44:47+00:00,32.915103,30.523994,11.88,84.8,85,Under way using engine,MERSIN,7.5,IRRELEVANT
620100005,MV Aegean Star,General Cargo,9214480,SX5520,2019-10-19T07:56:47+00:00,32.9155,30.529185,12.18,85.2,85,Under way using engine,MERSIN,7.5,IRRELEVANT
620100005,MV Aegean Star,General Cargo,9214480,SX5520,2019-10-19T08:08:47+00:00,32.915882,30.534608,11.74,86.7,87,Under way using engine,MERSIN,7.5,IRRELEVANT
620100005,MV Aegean Star,General Cargo,9214480,SX5520,2019-10-19T08:20:47+00:00,32.916139,30.539857,11.84,81.8,82,Under way using engine,MERSIN,7.5,IRRELEVANT
620100005,MV Aegean Star,General Cargo,9214480,SX5520,2019-10-19T08:32:47+00:00,32.916787,30.545204,12.26,85.0,85,Under way using engine,MERSIN,7.5,IRRELEVANT
620100005,MV Aegean Star,General Cargo,9214480,SX5520,2019-10-19T08:44:47+00:00,32.917183,30.550581,11.89,87.9,88,Under way using engine,MERSIN,7.5,IRRELEVANT
620100005,MV Aegean Star,General Cargo,9214480,SX5520,2019-10-19T08:56:47+00:00,32.917346,30.55592,12.08,82.9,83,Under way using engine,MERSIN,7.5,IRRELEVANT
620100005,MV Aegean Star,General Cargo,9214480,SX5520,2019-10-19T09:08:47+00:00,32.917906,30.561294,11.91,86.1,86,Under way using engine,MERSIN,7.5,IRRELEVANT
620100005,MV Aegean Star,General Cargo,9214480,SX5520,2019-10-19T09:20:47+00:00,32.918215,30.566634,12.23,87.6,88,Under way using engine,MERSIN,7.5,IRRELEVANT
620100005,MV Aegean Star,General Cargo,9214480,SX5520,2019-10-19T09:32:47+00:00,32.918398,30.571952,12.05,81.9,82,Under way using engine,MERSIN,7.5,IRRELEVANT
620100005,MV Aegean Star,General Cargo,9214480,SX5520,2019-10-19T09:44:47+00:00,32.919035,30.577286,12.11,82.9,83,Under way using engine,MERSIN,7.5,IRRELEVANT
620100005,MV Aegean Star,General Cargo,9214480,SX5520,2019-10-19T09:56:47+00:00,32.919581,30.582503,12.19,85.8,86,Under way using engine,MERSIN,7.5,IRRELEVANT
620100005,MV Aegean Star,General Cargo,9214480,SX5520,2019-10-19T10:08:47+00:00,32.919924,30.58807,12.01,84.5,85,Under way using engine,MERSIN,7.5,IRRELEVANT
620100005,MV Aegean Star,General Cargo,9214480,SX5520,2019-10-19T10:20:47+00:00,32.920339,30.593216,11.86,87.7,88,Under way using engine,MERSIN,7.5,IRRELEVANT
620100005,MV Aegean Star,General Cargo,9214480,SX5520,2019-10-19T10:32:47+00:00,32.920517,30.598597,11.78,83.3,83,Under way using engine,MERSIN,7.5,IRRELEVANT
620100005,MV Aegean Star,General Cargo,9214480,SX5520,2019-10-19T10:44:47+00:00,32.921048,30.603949,12.15,85.0,85,Under way using engine,MERSIN,7.5,IRRELEVANT
620100005,MV Aegean Star,General Cargo,9214480,SX5520,2019-10-19T10:56:47+00:00,32.921437,30.609268,11.87,84.5,85,Under way using engine,MERSIN,7.5,IRRELEVANT
620100005,MV Aegean Star,General Cargo,9214480,SX5520,2019-10-19T11:08:47+00:00,32.921867,30.614616,12.2,85.6,86,Under way using engine,MERSIN,7.5,IRRELEVANT
620100005,MV Aegean Star,General Cargo,9214480,SX5520,2019-10-19T11:20:47+00:00,32.922214,30.620046,11.76,85.3,85,Under way using engine,MERSIN,7.5,IRRELEVANT
620100005,MV Aegean Star,General Cargo,9214480,SX5520,2019-10-19T11:32:47+00:00,32.922565,30.625185,12.21,81.9,82,Under way using engine,MERSIN,7.5,IRRELEVANT
620100005,MV Aegean Star,General Cargo,9214480,SX5520,2019-10-19T11:44:47+00:00,32.923203,30.630534,12.24,85.2,85,Under way using engine,MERSIN,7.5,IRRELEVANT
620100005,MV Aegean Star,General Cargo,9214480,SX5520,2019-10-19T11:56:47+00:00,32.923585,30.63592,11.93,86.2,86,Under way using engine,MERSIN,7.5,IRRELEVANT
620100005,MV Aegean Star,General Cargo,9214480,SX5520,2019-10-19T12:08:47+00:00,32.923893,30.641465,11.93,82.9,83,Under way using engine,MERSIN,7.5,IRRELEVANT
620100005,MV Aegean Star,General Cargo,9214480,SX5520,2019-10-19T12:20:47+00:00,32.924442,30.646693,11.7,85.9,86,Under way using engine,MERSIN,7.5,IRRELEVANT
620100005,MV Aegean Star,General Cargo,9214480,SX5520,2019-10-19T12:32:47+00:00,32.924752,30.651852,12.1,85.5,86,Under way using engine,MERSIN,7.5,IRRELEVANT
620100005,MV Aegean Star,General Cargo,9214480,SX5520,2019-10-19T12:44:47+00:00,32.925109,30.657286,11.88,84.7,85,Under way using engine,MERSIN,7.5,IRRELEVANT
620100005,MV Aegean Star,General Cargo,9214480,SX5520,2019-10-19T12:56:47+00:00,32.92552,30.662572,12.09,84.7,85,Under way using engine,MERSIN,7.5,IRRELEVANT
620100006,MT Delta Sailor,Tanker,9518820,9V6612,2019-10-18T06:56:47+00:00,32.025486,30.612555,12.27,242.1,242,Under way using engine,SIDI KERIR,14.1,IRRELEVANT
620100006,MT Delta Sailor,Tanker,9518820,9V6612,2019-10-18T07:08:47+00:00,32.024383,30.610102,11.97,254.8,255,Under way using engine,SIDI KERIR,14.1,IRRELEVANT
620100006,MT Delta Sailor,Tanker,9518820,9V6612,2019-10-18T07:20:47+00:00,32.023778,30.607478,11.92,252.2,252,Under way using engine,SIDI KERIR,14.1,IRRELEVANT
620100006,MT Delta Sailor,Tanker,9518820,9V6612,2019-10-18T07:32:47+00:00,32.023124,30.605068,12.21,247.8,248,Under way using engine,SIDI KERIR,14.1,IRRELEVANT
620100006,MT Delta Sailor,Tanker,9518820,9V6612,2019-10-18T07:44:47+00:00,32.022229,30.602486,11.98,245.1,245,Under way using engine,SIDI KERIR,14.1,IRRELEVANT
620100006,MT Delta Sailor,Tanker,9518820,9V6612,2019-10-18T07:56:47+00:00,32.021306,30.600137,12.11,245.2,245,Under way using engine,SIDI KERIR,14.1,IRRELEVANT
620100006,MT Delta Sailor,Tanker,9518820,9V6612,2019-10-18T08:08:47+00:00,32.020345,30.597682,11.78,255.4,255,Under way using engine,SIDI KERIR,14.1,IRRELEVANT
620100006,MT Delta Sailor,Tanker,9518820,9V6612,2019-10-18T08:20:47+00:00,32.019794,30.595181,11.89,242.2,242,Under way using engine,SIDI KERIR,14.1,IRRELEVANT
620100006,MT Delta Sailor,Tanker,9518820,9V6612,2019-10-18T08:32:47+00:00,32.018714,30.592764,12.13,253.0,253,Under way using engine,SIDI KERIR,14.1,IRRELEVANT
620100006,MT Delta Sailor,Tanker,9518820,9V6612,2019-10-18T08:44:47+00:00,32.018019,30.590085,11.87,246.8,247,Under way using engine,SIDI KERIR,14.1,IRRELEVANT
620100006,MT Delta Sailor,Tanker,9518820,9V6612,2019-10-18T08:56:47+00:00,32.017112,30.587584,11.77,245.5,246,Under way using engine,SIDI KERIR,14.1,IRRELEVANT
620100006,MT Delta Sailor,Tanker,9518820,9V6612,2019-10-18T09:08:47+00:00,32.016159,30.585112,12.2,252.9,253,Under way using engine,SIDI KERIR,14.1,IRRELEVANT
620100006,MT Delta Sailor,Tanker,9518820,9V6612,2019-10-18T09:20:47+00:00,32.015477,30.582501,12.0,251.9,252,Under way using engine,SIDI KERIR,14.1,IRRELEVANT
620100006,MT Delta Sailor,Tanker,9518820,9V6612,2019-10-18T09:32:47+00:00,32.014745,30.579859,12.06,244.8,245,Under way using engine,SIDI KERIR,14.1,IRRELEVANT
620100006,MT Delta Sailor,Tanker,9518820,9V6612,2019-10-18T09:44:47+00:00,32.013831,30.577574,12.28,253.2,253,Under way using engine,SIDI KERIR,14.1,IRRELEVANT
620100006,MT Delta Sailor,Tanker,9518820,9V6612,2019-10-18T09:56:47+00:00,32.013202,30.575122,11.89,245.1,245,Under way using engine,SIDI KERIR,14.1,IRRELEVANT
620100006,MT Delta Sailor,Tanker,9518820,9V6612,2019-10-18T10:08:47+00:00,32.012238,30.572672,12.01,246.8,247,Under way using engine,SIDI KERIR,14.1,IRRELEVANT
620100006,MT Delta Sailor,Tanker,9518820,9V6612,2019-10-18T10:20:47+00:00,32.01131,30.570119,11.86,248.3,248,Under way using engine,SIDI KERIR,14.1,IRRELEVANT
620100006,MT Delta Sailor,Tanker,9518820,9V6612,2019-10-18T10:32:47+00:00,32.01051,30.567755,11.91,252.5,253,Under way using engine,SIDI KERIR,14.1,IRRELEVANT
620100006,MT Delta Sailor,Tanker,9518820,9V6612,2019-10-18T10:44:47+00:00,32.009766,30.564965,12.28,245.3,245,Under way using engine,SIDI KERIR,14.1,IRRELEVANT
620100006,MT Delta Sailor,Tanker,9518820,9V6612,2019-10-18T10:56:47+00:00,32.008851,30.562624,12.17,244.1,244,Under way using engine,SIDI KERIR,14.1,IRRELEVANT
620100006,MT Delta Sailor,Tanker,9518820,9V6612,2019-10-18T11:08:47+00:00,32.007773,30.560006,11.88,254.2,254,Under way using engine,SIDI KERIR,14.1,IRRELEVANT
620100006,MT Delta Sailor,Tanker,9518820,9V6612,2019-10-18T11:20:47+00:00,32.007156,30.557436,12.15,245.8,246,Under way using engine,SIDI KERIR,14.1,IRRELEVANT
620100006,MT Delta Sailor,Tanker,9518820,9V6612,2019-10-18T11:32:47+00:00,32.006264,30.555096,12.27,250.0,250,Under way using engine,SIDI KERIR,14.1,IRRELEVANT
620100006,MT Delta Sailor,Tanker,9518820,9V6612,2019-10-18T11:44:47+00:00,32.005502,30.552623,12.28,248.7,249,Under way using engine,SIDI KERIR,14.1,IRRELEVANT
620100006,MT Delta Sailor,Tanker,9518820,9V6612,2019-10-18T11:56:47+00:00,32.004646,30.550035,11.84,247.9,248,Under way using engine,SIDI KERIR,14.1,IRRELEVANT
620100006,MT Delta Sailor,Tanker,9518820,9V6612,2019-10-18T12:08:47+00:00,32.003796,30.547568,12.07,249.0,249,Under way using engine,SIDI KERIR,14.1,IRRELEVANT
620100006,MT Delta Sailor,Tanker,9518820,9V6612,2019-10-18T12:20:47+00:00,32.003039,30.545241,11.79,249.0,249,Under way using engine,SIDI KERIR,14.1,IRRELEVANT
620100006,MT Delta Sailor,Tanker,9518820,9V6612,2019-10-18T12:32:47+00:00,32.002216,30.542714,11.93,245.0,245,Under way using engine,SIDI KERIR,14.1,IRRELEVANT
620100006,MT Delta Sailor,Tanker,9518820,9V6612,2019-10-18T12:44:47+00:00,32.001216,30.540185,11.91,251.0,251,Under way using engine,SIDI KERIR,14.1,IRRELEVANT
620100006,MT Delta Sailor,Tanker,9518820,9V6612,2019-10-18T12:56:47+00:00,32.000477,30.537647,11.98,249.8,250,Under way using engine,SIDI KERIR,14.1,IRRELEVANT
620100006,MT Delta Sailor,Tanker,9518820,9V6612,2019-10-18T13:08:47+00:00,31.9997,30.535162,11.74,244.5,245,Under way using engine,SIDI KERIR,14.1,IRRELEVANT
620100006,MT Delta Sailor,Tanker,9518820,9V6612,2019-10-18T13:20:47+00:00,31.99875,30.532809,11.78,251.6,252,Under way using engine,SIDI KERIR,14.1,IRRELEVANT
620100006,MT Delta Sailor,Tanker,9518820,9V6612,2019-10-18T13:32:47+00:00,31.998004,30.530158,11.85,253.7,254,Under way using engine,SIDI KERIR,14.1,IRRELEVANT
620100006,MT Delta Sailor,Tanker,9518820,9V6612,2019-10-18T13:44:47+00:00,31.997369,30.527601,11.75,246.4,246,Under way using engine,SIDI KERIR,14.1,IRRELEVANT
620100006,MT Delta Sailor,Tanker,9518820,9V6612,2019-10-18T13:56:47+00:00,31.996417,30.525038,11.98,239.6,240,Under way using engine,SIDI KERIR,14.1,IRRELEVANT
620100006,MT Delta Sailor,Tanker,9518820,9V6612,2019-10-18T14:08:47+00:00,31.995279,30.522753,11.73,255.0,255,Under way using engine,SIDI KERIR,14.1,IRRELEVANT
620100006,MT Delta Sailor,Tanker,9518820,9V6612,2019-10-18T14:20:47+00:00,31.994647,30.519977,11.83,246.5,246,Under way using engine,SIDI KERIR,14.1,IRRELEVANT
620100006,MT Delta Sailor,Tanker,9518820,9V6612,2019-10-18T14:32:47+00:00,31.99379,30.517659,12.28,249.9,250,Under way using engine,SIDI KERIR,14.1,IRRELEVANT
620100006,MT Delta Sailor,Tanker,9518820,9V6612,2019-10-18T14:44:47+00:00,31.993005,30.515133,11.86,254.3,254,Under way using engine,SIDI KERIR,14.1,IRRELEVANT
620100006,MT Delta Sailor,Tanker,9518820,9V6612,2019-10-18T14:56:47+00:00,31.992369,30.512464,11.74,243.0,243,Under way using engine,SIDI KERIR,14.1,IRRELEVANT
620100006,MT Delta Sailor,Tanker,9518820,9V6612,2019-10-18T15:08:47+00:00,31.99135,30.510104,11.81,249.2,249,Under way using engine,SIDI KERIR,14.1,IRRELEVANT
620100006,MT Delta Sailor,Tanker,9518820,9V6612,2019-10-18T15:20:47+00:00,31.990543,30.507602,12.15,248.3,248,Under way using engine,SIDI KERIR,14.1,IRRELEVANT
620100006,MT Delta Sailor,Tanker,9518820,9V6612,2019-10-18T15:32:47+00:00,31.989658,30.504976,12.13,250.5,250,Under way using engine,SIDI KERIR,14.1,IRRELEVANT
620100006,MT Delta Sailor,Tanker,9518820,9V6612,2019-10-18T15:44:47+00:00,31.988905,30.502471,12.1,247.3,247,Under way using engine,SIDI KERIR,14.1,IRRELEVANT
620100006,MT Delta Sailor,Tanker,9518820,9V6612,2019-10-18T15:56:47+00:00,31.988023,30.49998,12.16,246.3,246,Under way using engine,SIDI KERIR,14.1,IRRELEVANT
620100006,MT Delta Sailor,Tanker,9518820,9V6612,2019-10-18T16:08:47+00:00,31.987135,30.4976,11.71,250.9,251,Under way using engine,SIDI KERIR,14.1,IRRELEVANT
620100006,MT Delta Sailor,Tanker,9518820,9V6612,2019-10-18T16:20:47+00:00,31.986395,30.495079,11.84,243.6,244,Under way using engine,SIDI KERIR,14.1,IRRELEVANT
620100006,MT Delta Sailor,Tanker,9518820,9V6612,2019-10-18T16:32:47+00:00,31.985375,30.49266,11.89,252.6,253,Under way using engine,SIDI KERIR,14.1,IRRELEVANT
620100006,MT Delta Sailor,Tanker,9518820,9V6612,2019-10-18T16:44:47+00:00,31.984714,30.490171,11.76,247.1,247,Under way using engine,SIDI KERIR,14.1,IRRELEVANT
620100006,MT Delta Sailor,Tanker,9518820,9V6612,2019-10-18T16:56:47+00:00,31.98379,30.487593,11.99,247.4,247,Under way using engine,SIDI KERIR,14.1,IRRELEVANT
620100006,MT Delta Sailor,Tanker,9518820,9V6612,2019-10-18T17:08:47+00:00,31.98292,30.485134,11.87,252.6,253,Under way using engine,SIDI KERIR,14.1,IRRELEVANT
620100006,MT Delta Sailor,Tanker,9518820,9V6612,2019-10-18T17:20:47+00:00,31.982241,30.482582,12.3,245.1,245,Under way using engine,SIDI KERIR,14.1,IRRELEVANT
620100006,MT Delta Sailor,Tanker,9518820,9V6612,2019-10-18T17:32:47+00:00,31.981199,30.47994,12.15,245.0,245,Under way using engine,SIDI KERIR,14.1,IRRELEVANT
620100006,MT Delta Sailor,Tanker,9518820,9V6612,2019-10-18T17:44:47+00:00,31.980313,30.477701,12.17,255.5,255,Under way using engine,SIDI KERIR,14.1,IRRELEVANT
620100006,MT Delta Sailor,Tanker,9518820,9V6612,2019-10-18T17:56:47+00:00,31.979707,30.474942,11.92,242.7,243,Under way using engine,SIDI KERIR,14.1,IRRELEVANT
620100006,MT Delta Sailor,Tanker,9518820,9V6612,2019-10-18T18:08:47+00:00,31.978712,30.472673,11.81,248.4,248,Under way using engine,SIDI KERIR,14.1,IRRELEVANT
620100006,MT Delta Sailor,Tanker,9518820,9V6612,2019-10-18T18:20:47+00:00,31.977847,30.470103,11.72,250.7,251,Under way using engine,SIDI KERIR,14.1,IRRELEVANT
620100006,MT Delta Sailor,Tanker,9518820,9V6612,2019-10-18T18:32:47+00:00,31.977126,30.467669,12.27,244.8,245,Under way using engine,SIDI KERIR,14.1,IRRELEVANT
620100006,MT Delta Sailor,Tanker,9518820,9V6612,2019-10-18T18:44:47+00:00,31.976179,30.465298,12.05,257.2,257,Under way using engine,SIDI KERIR,14.1,IRRELEVANT
620100006,MT Delta Sailor,Tanker,9518820,9V6612,2019-10-18T18:56:47+00:00,31.975662,30.46261,11.87,262.3,262,Under way using engine,SIDI KERIR,14.1,IRRELEVANT
620100006,MT Delta Sailor,Tanker,9518820,9V6612,2019-10-18T19:08:47+00:00,31.975022,30.457015,12.27,261.9,262,Under way using engine,SIDI KERIR,14.1,IRRELEVANT
620100006,MT Delta Sailor,Tanker,9518820,9V6612,2019-10-18T19:20:47+00:00,31.97437,30.451581,12.17,263.6,264,Under way using engine,SIDI KERIR,14.1,IRRELEVANT
620100006,MT Delta Sailor,Tanker,9518820,9V6612,2019-10-18T19:32:47+00:00,31.973797,30.445586,11.82,261.6,262,Under way using engine,SIDI KERIR,14.1,IRRELEVANT
620100006,MT Delta Sailor,Tanker,9518820,9V6612,2019-10-18T19:44:47+00:00,31.973153,30.440414,11.9,264.3,264,Under way using engine,SIDI KERIR,14.1,IRRELEVANT
620100006,MT Delta Sailor,Tanker,9518820,9V6612,2019-10-18T19:56:47+00:00,31.972686,30.434867,11.74,260.7,261,Under way using engine,SIDI KERIR,14.1,IRRELEVANT
620100006,MT Delta Sailor,Tanker,9518820,9V6612,2019-10-18T20:08:47+00:00,31.971906,30.429287,12.19,265.8,266,Under way using engine,SIDI KERIR,14.1,IRRELEVANT
620100006,MT Delta Sailor,Tanker,9518820,9V6612,2019-10-18T20:20:47+00:00,31.971563,30.423807,12.12,264.6,265,Under way using engine,SIDI KERIR,14.1,IRRELEVANT
620100006,MT Delta Sailor,Tanker,9518820,9V6612,2019-10-18T20:32:47+00:00,31.971124,30.418275,11.79,262.6,263,Under way using engine,SIDI KERIR,14.1,IRRELEVANT
620100006,MT Delta Sailor,Tanker,9518820,9V6612,2019-10-18T20:44:47+00:00,31.970511,30.412705,11.87,262.7,263,Under way using engine,SIDI KERIR,14.1,IRRELEVANT
620100006,MT Delta Sailor,Tanker,9518820,9V6612,2019-10-18T20:56:47+00:00,31.969894,30.407036,11.78,264.9,265,Under way using engine,SIDI KERIR,14.1,IRRELEVANT
620100006,MT Delta Sailor,Tanker,9518820,9V6612,2019-10-18T21:08:47+00:00,31.969458,30.401233,11.73,260.9,261,Under way using engine,SIDI KERIR,14.1,IRRELEVANT
620100006,MT Delta Sailor,Tanker,9518820,9V6612,2019-10-18T21:20:47+00:00,31.968725,30.395825,11.84,265.9,266,Under way using engine,SIDI KERIR,14.1,IRRELEVANT
620100006,MT Delta Sailor,Tanker,9518820,9V6612,2019-10-18T21:32:47+00:00,31.9684,30.39046,12.21,260.0,260,Under way using engine,SIDI KERIR,14.1,IRRELEVANT
620100006,MT Delta Sailor,Tanker,9518820,9V6612,2019-10-18T21:44:47+00:00,31.96755,30.384754,11.9,266.3,266,Under way using engine,SIDI KERIR,14.1,IRRELEVANT
620100006,MT Delta Sailor,Tanker,9518820,9V6612,2019-10-18T21:56:47+00:00,31.967253,30.379325,11.81,263.3,263,Under way using engine,SIDI KERIR,14.1,IRRELEVANT
620100006,MT Delta Sailor,Tanker,9518820,9V6612,2019-10-18T22:08:47+00:00,31.966689,30.373686,12.18,264.2,264,Under way using engine,SIDI KERIR,14.1,IRRELEVANT
620100006,MT Delta Sailor,Tanker,9518820,9V6612,2019-10-18T22:20:47+00:00,31.966202,30.367984,12.1,261.5,261,Under way using engine,SIDI KERIR,14.1,IRRELEVANT
620100006,MT Delta Sailor,Tanker,9518820,9V6612,2019-10-18T22:32:47+00:00,31.965509,30.362519,12.13,263.7,264,Under way using engine,SIDI KERIR,14.1,IRRELEVANT
620100006,MT Delta Sailor,Tanker,9518820,9V6612,2019-10-18T22:44:47+00:00,31.964992,30.356988,12.05,263.6,264,Under way using engine,SIDI KERIR,14.1,IRRELEVANT
620100006,MT Delta Sailor,Tanker,9518820,9V6612,2019-10-18T22:56:47+00:00,31.964454,30.351339,11.88,263.4,263,Under way using engine,SIDI KERIR,14.1,IRRELEVANT
620100006,MT Delta Sailor,Tanker,9518820,9V6612,2019-10-18T23:08:47+00:00,31.96393,30.346014,11.76,264.3,264,Under way using engine,SIDI KERIR,14.1,IRRELEVANT
620100006,MT Delta Sailor,Tanker,9518820,9V6612,2019-10-18T23:20:47+00:00,31.963477,30.340689,11.92,262.5,262,Under way using engine,SIDI KERIR,14.1,IRRELEVANT
620100006,MT Delta Sailor,Tanker,9518820,9V6612,2019-10-18T23:32:47+00:00,31.96283,30.334922,11.98,262.3,262,Under way using engine,SIDI KERIR,14.1,IRRELEVANT
620100006,MT Delta Sailor,Tanker,9518820,9V6612,2019-10-18T23:44:47+00:00,31.96219,30.329316,12.14,262.5,262,Under way using engine,SIDI KERIR,14.1,IRRELEVANT
620100006,MT Delta Sailor,Tanker,9518820,9V6612,2019-10-18T23:56:47+00:00,31.961569,30.323779,12.18,263.3,263,Under way using engine,SIDI KERIR,14.1,IRRELEVANT
620100006,MT Delta Sailor,Tanker,9518820,9V6612,2019-10-19T00:08:47+00:00,31.961,30.318046,11.9,265.0,265,Under way using engine,SIDI KERIR,14.1,IRRELEVANT
620100006,MT Delta Sailor,Tanker,9518820,9V6612,2019-10-19T00:20:47+00:00,31.960606,30.312694,12.04,262.0,262,Under way using engine,SIDI KERIR,14.1,IRRELEVANT
620100006,MT Delta Sailor,Tanker,9518820,9V6612,2019-10-19T00:32:47+00:00,31.959944,30.307111,11.93,264.0,264,Under way using engine,SIDI KERIR,14.1,IRRELEVANT
620100006,MT Delta Sailor,Tanker,9518820,9V6612,2019-10-19T00:44:47+00:00,31.959434,30.301435,12.14,262.3,262,Under way using engine,SIDI KERIR,14.1,IRRELEVANT
620100006,MT Delta Sailor,Tanker,9518820,9V6612,2019-10-19T00:56:47+00:00,31.958804,30.295926,12.2,263.5,263,Under way using engine,SIDI KERIR,14.1,IRRELEVANT
620100006,MT Delta Sailor,Tanker,9518820,9V6612,2019-10-19T01:08:47+00:00,31.958272,30.290423,11.84,264.4,264,Under way using engine,SIDI KERIR,14.1,IRRELEVANT
620100006,MT Delta Sailor,Tanker,9518820,9V6612,2019-10-19T01:20:47+00:00,31.957811,30.28488,12.03,264.4,264,Under way using engine,SIDI KERIR,14.1,IRRELEVANT
620100006,MT Delta Sailor,Tanker,9518820,9V6612,2019-10-19T01:32:47+00:00,31.957349,30.279271,12.22,261.8,262,Under way using engine,SIDI KERIR,14.1,IRRELEVANT
620100006,MT Delta Sailor,Tanker,9518820,9V6612,2019-10-19T01:44:47+00:00,31.95666,30.273659,12.03,261.5,261,Under way using engine,SIDI KERIR,14.1,IRRELEVANT
620100006,MT Delta Sailor,Tanker,9518820,9V6612,2019-10-19T01:56:47+00:00,31.955956,30.268128,12.22,264.0,264,Under way using engine,SIDI KERIR,14.1,IRRELEVANT
620100006,MT Delta Sailor,Tanker,9518820,9V6612,2019-10-19T02:08:47+00:00,31.955452,30.262514,11.87,264.1,264,Under way using engine,SIDI KERIR,14.1,IRRELEVANT
620100006,MT Delta Sailor,Tanker,9518820,9V6612,2019-10-19T02:20:47+00:00,31.954982,30.257125,12.18,263.9,264,Under way using engine,SIDI KERIR,14.1,IRRELEVANT
620100006,MT Delta Sailor,Tanker,9518820,9V6612,2019-10-19T02:32:47+00:00,31.954457,30.251352,12.04,262.4,262,Under way using engine,SIDI KERIR,14.1,IRRELEVANT
620100006,MT Delta Sailor,Tanker,9518820,9V6612,2019-10-19T02:44:47+00:00,31.95384,30.245869,11.87,262.1,262,Under way using engine,SIDI KERIR,14.1,IRRELEVANT
620100006,MT Delta Sailor,Tanker,9518820,9V6612,2019-10-19T02:56:47+00:00,31.953175,30.240243,12.07,266.0,266,Under way using engine,SIDI KERIR,14.1,IRRELEVANT
620100006,MT Delta Sailor,Tanker,9518820,9V6612,2019-10-19T03:08:47+00:00,31.952844,30.234735,11.94,261.3,261,Under way using engine,SIDI KERIR,14.1,IRRELEVANT
620100006,MT Delta Sailor,Tanker,9518820,9V6612,2019-10-19T03:20:47+00:00,31.952113,30.229096,12.11,263.2,263,Under way using engine,SIDI KERIR,14.1,IRRELEVANT
620100006,MT Delta Sailor,Tanker,9518820,9V6612,2019-10-19T03:32:47+00:00,31.951568,30.223695,11.92,263.9,264,Under way using engine,SIDI KERIR,14.1,IRRELEVANT
620100006,MT Delta Sailor,Tanker,9518820,9V6612,2019-10-19T03:44:47+00:00,31.951072,30.218206,12.1,261.7,262,Under way using engine,SIDI KERIR,14.1,IRRELEVANT
620100006,MT Delta Sailor,Tanker,9518820,9V6612,2019-10-19T03:56:47+00:00,31.950381,30.212652,11.95,264.2,264,Under way using engine,SIDI KERIR,14.1,IRRELEVANT
620100006,MT Delta Sailor,Tanker,9518820,9V6612,2019-10-19T04:08:47+00:00,31.949903,30.20707,11.87,263.4,263,Under way using engine,SIDI KERIR,14.1,IRRELEVANT
620100006,MT Delta Sailor,Tanker,9518820,9V6612,2019-10-19T04:20:47+00:00,31.949338,30.201322,12.29,263.8,264,Under way using engine,SIDI KERIR,14.1,IRRELEVANT
620100006,MT Delta Sailor,Tanker,9518820,9V6612,2019-10-19T04:32:47+00:00,31.948837,30.195857,11.81,265.0,265,Under way using engine,SIDI KERIR,14.1,IRRELEVANT
620100006,MT Delta Sailor,Tanker,9518820,9V6612,2019-10-19T04:44:47+00:00,31.948429,30.190316,12.12,259.4,259,Under way using engine,SIDI KERIR,14.1,IRRELEVANT
620100006,MT Delta Sailor,Tanker,9518820,9V6612,2019-10-19T04:56:47+00:00,31.947538,30.184729,11.94,264.5,264,Under way using engine,SIDI KERIR,14.1,IRRELEVANT
620100006,MT Delta Sailor,Tanker,9518820,9V6612,2019-10-19T05:08:47+00:00,31.947084,30.1792,11.99,263.2,263,Under way using engine,SIDI KERIR,14.1,IRRELEVANT
620100006,MT Delta Sailor,Tanker,9518820,9V6612,2019-10-19T05:20:47+00:00,31.946519,30.173611,12.09,264.4,264,Under way using engine,SIDI KERIR,14.1,IRRELEVANT
620100006,MT Delta Sailor,Tanker,9518820,9V6612,2019-10-19T05:32:47+00:00,31.946064,30.168195,11.75,262.6,263,Under way using engine,SIDI KERIR,14.1,IRRELEVANT
620100006,MT Delta Sailor,Tanker,9518820,9V6612,2019-10-19T05:44:47+00:00,31.945445,30.162573,12.06,265.6,266,Under way using engine,SIDI KERIR,14.1,IRRELEVANT
620100006,MT Delta Sailor,Tanker,9518820,9V6612,2019-10-19T05:56:47+00:00,31.945094,30.157169,11.86,262.8,263,Under way using engine,SIDI KERIR,14.1,IRRELEVANT
620100006,MT Delta Sailor,Tanker,9518820,9V6612,2019-10-19T06:08:47+00:00,31.94447,30.151374,12.12,260.1,260,Under way using engine,SIDI KERIR,14.1,IRRELEVANT
620100006,MT Delta Sailor,Tanker,9518820,9V6612,2019-10-19T06:20:47+00:00,31.943676,30.146026,11.86,266.4,266,Under way using engine,SIDI KERIR,14.1,IRRELEVANT
620100006,MT Delta Sailor,Tanker,9518820,9V6612,2019-10-19T06:32:47+00:00,31.94338,30.140405,12.27,261.8,262,Under way using engine,SIDI KERIR,14.1,IRRELEVANT
620100006,MT Delta Sailor,Tanker,9518820,9V6612,2019-10-19T06:44:47+00:00,31.942701,30.13485,12.05,264.7,265,Under way using engine,SIDI KERIR,14.1,IRRELEVANT
620100006,MT Delta Sailor,Tanker,9518820,9V6612,2019-10-19T06:56:47+00:00,31.942271,30.129384,11.94,262.3,262,Under way using engine,SIDI KERIR,14.1,IRRELEVANT
620100006,MT Delta Sailor,Tanker,9518820,9V6612,2019-10-19T07:08:47+00:00,31.941615,30.123686,11.85,263.9,264,Under way using engine,SIDI KERIR,14.1,IRRELEVANT
620100006,MT Delta Sailor,Tanker,9518820,9V6612,2019-10-19T07:20:47+00:00,31.941113,30.118149,11.94,262.1,262,Under way using engine,SIDI KERIR,14.1,IRRELEVANT
620100006,MT Delta Sailor,Tanker,9518820,9V6612,2019-10-19T07:32:47+00:00,31.940461,30.112642,12.1,263.8,264,Under way using engine,SIDI KERIR,14.1,IRRELEVANT
620100006,MT Delta Sailor,Tanker,9518820,9V6612,2019-10-19T07:44:47+00:00,31.939942,30.107027,11.76,263.6,264,Under way using engine,SIDI KERIR,14.1,IRRELEVANT
620100006,MT Delta Sailor,Tanker,9518820,9V6612,2019-10-19T07:56:47+00:00,31.939421,30.101508,11.96,262.6,263,Under way using engine,SIDI KERIR,14.1,IRRELEVANT
620100006,MT Delta Sailor,Tanker,9518820,9V6612,2019-10-19T08:08:47+00:00,31.93879,30.095773,12.13,263.7,264,Under way using engine,SIDI KERIR,14.1,IRRELEVANT
620100006,MT Delta Sailor,Tanker,9518820,9V6612,2019-10-19T08:20:47+00:00,31.938279,30.090369,12.07,261.6,262,Under way using engine,SIDI KERIR,14.1,IRRELEVANT
620100006,MT Delta Sailor,Tanker,9518820,9V6612,2019-10-19T08:32:47+00:00,31.937593,30.084891,12.13,265.3,265,Under way using engine,SIDI KERIR,14.1,IRRELEVANT
620100006,MT Delta Sailor,Tanker,9518820,9V6612,2019-10-19T08:44:47+00:00,31.937203,30.079323,11.71,262.1,262,Under way using engine,SIDI KERIR,14.1,IRRELEVANT
620100006,MT Delta Sailor,Tanker,9518820,9V6612,2019-10-19T08:56:47+00:00,31.936533,30.073642,11.86,266.3,266,Under way using engine,SIDI KERIR,14.1,IRRELEVANT
620100006,MT Delta Sailor,Tanker,9518820,9V6612,2019-10-19T09:08:47+00:00,31.936226,30.068125,12.06,260.5,260,Under way using engine,SIDI KERIR,14.1,IRRELEVANT
620100006,MT Delta Sailor,Tanker,9518820,9V6612,2019-10-19T09:20:47+00:00,31.935442,30.062624,12.27,264.4,264,Under way using engine,SIDI KERIR,14.1,IRRELEVANT
620100006,MT Delta Sailor,Tanker,9518820,9V6612,2019-10-19T09:32:47+00:00,31.934985,30.05709,12.19,262.8,263,Under way using engine,SIDI KERIR,14.1,IRRELEVANT
620100006,MT Delta Sailor,Tanker,9518820,9V6612,2019-10-19T09:44:47+00:00,31.934396,30.051563,11.82,264.9,265,Under way using engine,SIDI KERIR,14.1,IRRELEVANT
620100006,MT Delta Sailor,Tanker,9518820,9V6612,2019-10-19T09:56:47+00:00,31.933975,30.046001,12.14,260.8,261,Under way using engine,SIDI KERIR,14.1,IRRELEVANT
620100006,MT Delta Sailor,Tanker,9518820,9V6612,2019-10-19T10:08:47+00:00,31.933201,30.040382,11.92,264.3,264,Under way using engine,SIDI KERIR,14.1,IRRELEVANT
620100006,MT Delta Sailor,Tanker,9518820,9V6612,2019-10-19T10:20:47+00:00,31.932738,30.034899,12.02,262.4,262,Under way using engine,SIDI KERIR,14.1,IRRELEVANT
620100006,MT Delta Sailor,Tanker,9518820,9V6612,2019-10-19T10:32:47+00:00,31.932088,30.029129,12.24,265.4,265,Under way using engine,SIDI KERIR,14.1,IRRELEVANT
620100006,MT Delta Sailor,Tanker,9518820,9V6612,2019-10-19T10:44:47+00:00,31.931722,30.023775,11.97,260.4,260,Under way using engine,SIDI KERIR,14.1,IRRELEVANT
620100006,MT Delta Sailor,Tanker,9518820,9V6612,2019-10-19T10:56:47+00:00,31.930922,30.018225,12.12,263.3,263,Under way using engine,SIDI KERIR,14.1,IRRELEVANT
620100006,MT Delta Sailor,Tanker,9518820,9V6612,2019-10-19T11:08:47+00:00,31.930338,30.012396,12.09,264.3,264,Under way using engine,SIDI KERIR,14.1,IRRELEVANT
620100006,MT Delta Sailor,Tanker,9518820,9V6612,2019-10-19T11:20:47+00:00,31.929889,30.00713,11.97,263.2,263,Under way using engine,SIDI KERIR,14.1,IRRELEVANT
620100006,MT Delta Sailor,Tanker,9518820,9V6612,2019-10-19T11:32:47+00:00,31.92932,30.001489,11.99,263.3,263,Under way using engine,SIDI KERIR,14.1,IRRELEVANT
620100006,MT Delta Sailor,Tanker,9518820,9V6612,2019-10-19T11:44:47+00:00,31.928784,29.996078,12.09,263.3,263,Under way using engine,SIDI KERIR,14.1,IRRELEVANT
620100006,MT Delta Sailor,Tanker,9518820,9V6612,2019-10-19T11:56:47+00:00,31.928208,29.990329,11.8,265.0,265,Under way using engine,SIDI KERIR,14.1,IRRELEVANT
620100006,MT Delta Sailor,Tanker,9518820,9V6612,2019-10-19T12:08:47+00:00,31.927801,29.984856,12.19,261.5,262,Under way using engine,SIDI KERIR,14.1,IRRELEVANT
620100006,MT Delta Sailor,Tanker,9518820,9V6612,2019-10-19T12:20:47+00:00,31.927097,29.9793,11.87,263.0,263,Under way using engine,SIDI KERIR,14.1,IRRELEVANT
620100006,MT Delta Sailor,Tanker,9518820,9V6612,2019-10-19T12:32:47+00:00,31.926503,29.973629,12.01,261.8,262,Under way using engine,SIDI KERIR,14.1,IRRELEVANT
620100006,MT Delta Sailor,Tanker,9518820,9V6612,2019-10-19T12:44:47+00:00,31.925841,29.968209,11.91,266.4,266,Under way using engine,SIDI KERIR,14.1,IRRELEVANT
620100006,MT Delta Sailor,Tanker,9518820,9V6612,2019-10-19T12:56:47+00:00,31.925548,29.962655,11.88,266.4,266,Under way using engine,SIDI KERIR,14.1,IRRELEVANT
620100007,MV Sea Explorer,Research/Service,9187344,HB4411,2019-10-18T06:56:47+00:00,32.825385,30.712464,7.0,3.8,4,Under way using engine,OFFSHORE GAS FIELD,5.5,IRRELEVANT
620100007,MV Sea Explorer,Research/Service,9187344,HB4411,2019-10-18T07:08:47+00:00,32.826033,30.712515,7.03,9.4,9,Under way using engine,OFFSHORE GAS FIELD,5.5,IRRELEVANT
620100007,MV Sea Explorer,Research/Service,9187344,HB4411,2019-10-18T07:20:47+00:00,32.826471,30.712601,7.22,2.9,3,Under way using engine,OFFSHORE GAS FIELD,5.5,IRRELEVANT
620100007,MV Sea Explorer,Research/Service,9187344,HB4411,2019-10-18T07:32:47+00:00,32.827259,30.712648,7.22,12.4,12,Under way using engine,OFFSHORE GAS FIELD,5.5,IRRELEVANT
620100007,MV Sea Explorer,Research/Service,9187344,HB4411,2019-10-18T07:44:47+00:00,32.827683,30.712759,7.07,341.8,342,Under way using engine,OFFSHORE GAS FIELD,5.5,IRRELEVANT
620100007,MV Sea Explorer,Research/Service,9187344,HB4411,2019-10-18T07:56:47+00:00,32.828325,30.712507,6.81,19.1,19,Under way using engine,OFFSHORE GAS FIELD,5.5,IRRELEVANT
620100007,MV Sea Explorer,Research/Service,9187344,HB4411,2019-10-18T08:08:47+00:00,32.82873,30.712674,6.77,1.1,1,Under way using engine,OFFSHORE GAS FIELD,5.5,IRRELEVANT
620100007,MV Sea Explorer,Research/Service,9187344,HB4411,2019-10-18T08:20:47+00:00,32.829486,30.712692,7.01,354.5,354,Under way using engine,OFFSHORE GAS FIELD,5.5,IRRELEVANT
620100007,MV Sea Explorer,Research/Service,9187344,HB4411,2019-10-18T08:32:47+00:00,32.829916,30.712642,6.91,353.7,354,Under way using engine,OFFSHORE GAS FIELD,5.5,IRRELEVANT
620100007,MV Sea Explorer,Research/Service,9187344,HB4411,2019-10-18T08:44:47+00:00,32.830478,30.712569,7.01,9.9,10,Under way using engine,OFFSHORE GAS FIELD,5.5,IRRELEVANT
620100007,MV Sea Explorer,Research/Service,9187344,HB4411,2019-10-18T08:56:47+00:00,32.830914,30.71266,6.73,350.1,350,Under way using engine,OFFSHORE GAS FIELD,5.5,IRRELEVANT
620100007,MV Sea Explorer,Research/Service,9187344,HB4411,2019-10-18T09:08:47+00:00,32.831473,30.712544,6.83,6.9,7,Under way using engine,OFFSHORE GAS FIELD,5.5,IRRELEVANT
620100007,MV Sea Explorer,Research/Service,9187344,HB4411,2019-10-18T09:20:47+00:00,32.832178,30.712645,7.03,333.1,333,Under way using engine,OFFSHORE GAS FIELD,5.5,IRRELEVANT
620100007,MV Sea Explorer,Research/Service,9187344,HB4411,2019-10-18T09:32:47+00:00,32.832564,30.712412,7.02,16.7,17,Under way using engine,OFFSHORE GAS FIELD,5.5,IRRELEVANT
620100007,MV Sea Explorer,Research/Service,9187344,HB4411,2019-10-18T09:44:47+00:00,32.833386,30.712706,6.8,334.3,334,Under way using engine,OFFSHORE GAS FIELD,5.5,IRRELEVANT
620100007,MV Sea Explorer,Research/Service,9187344,HB4411,2019-10-18T09:56:47+00:00,32.83357,30.7126,7.22,12.0,12,Under way using engine,OFFSHORE GAS FIELD,5.5,IRRELEVANT
620100007,MV Sea Explorer,Research/Service,9187344,HB4411,2019-10-18T10:08:47+00:00,32.834444,30.712822,6.77,338.0,338,Under way using engine,OFFSHORE GAS FIELD,5.5,IRRELEVANT
620100007,MV Sea Explorer,Research/Service,9187344,HB4411,2019-10-18T10:20:47+00:00,32.834852,30.712626,6.9,352.7,353,Under way using engine,OFFSHORE GAS FIELD,5.5,IRRELEVANT
620100007,MV Sea Explorer,Research/Service,9187344,HB4411,2019-10-18T10:32:47+00:00,32.835543,30.712519,6.82,4.6,5,Under way using engine,OFFSHORE GAS FIELD,5.5,IRRELEVANT
620100007,MV Sea Explorer,Research/Service,9187344,HB4411,2019-10-18T10:44:47+00:00,32.836141,30.712577,6.82,11.7,12,Under way using engine,OFFSHORE GAS FIELD,5.5,IRRELEVANT
620100007,MV Sea Explorer,Research/Service,9187344,HB4411,2019-10-18T10:56:47+00:00,32.836343,30.712626,6.71,353.9,354,Under way using engine,OFFSHORE GAS FIELD,5.5,IRRELEVANT
620100007,MV Sea Explorer,Research/Service,9187344,HB4411,2019-10-18T11:08:47+00:00,32.837429,30.712489,7.08,41.7,42,Under way using engine,OFFSHORE GAS FIELD,5.5,IRRELEVANT
620100007,MV Sea Explorer,Research/Service,9187344,HB4411,2019-10-18T11:20:47+00:00,32.837613,30.712684,6.71,6.4,6,Under way using engine,OFFSHORE GAS FIELD,5.5,IRRELEVANT
620100007,MV Sea Explorer,Research/Service,9187344,HB4411,2019-10-18T11:32:47+00:00,32.838306,30.712776,7.2,348.0,348,Under way using engine,OFFSHORE GAS FIELD,5.5,IRRELEVANT
620100007,MV Sea Explorer,Research/Service,9187344,HB4411,2019-10-18T11:44:47+00:00,32.838869,30.712634,6.99,352.7,353,Under way using engine,OFFSHORE GAS FIELD,5.5,IRRELEVANT
620100007,MV Sea Explorer,Research/Service,9187344,HB4411,2019-10-18T11:56:47+00:00,32.839499,30.712537,6.97,3.3,3,Under way using engine,OFFSHORE GAS FIELD,5.5,IRRELEVANT
620100007,MV Sea Explorer,Research/Service,9187344,HB4411,2019-10-18T12:08:47+00:00,32.839978,30.71257,7.23,2.5,3,Under way using engine,OFFSHORE GAS FIELD,5.5,IRRELEVANT
620100007,MV Sea Explorer,Research/Service,9187344,HB4411,2019-10-18T12:20:47+00:00,32.84042,30.712594,6.93,7.9,8,Under way using engine,OFFSHORE GAS FIELD,5.5,IRRELEVANT
620100007,MV Sea Explorer,Research/Service,9187344,HB4411,2019-10-18T12:32:47+00:00,32.841028,30.712694,7.03,353.3,353,Under way using engine,OFFSHORE GAS FIELD,5.5,IRRELEVANT
620100007,MV Sea Explorer,Research/Service,9187344,HB4411,2019-10-18T12:44:47+00:00,32.84155,30.712621,6.93,9.2,9,Under way using engine,OFFSHORE GAS FIELD,5.5,IRRELEVANT
620100007,MV Sea Explorer,Research/Service,9187344,HB4411,2019-10-18T12:56:47+00:00,32.842137,30.712735,7.3,351.3,351,Under way using engine,OFFSHORE GAS FIELD,5.5,IRRELEVANT
620100007,MV Sea Explorer,Research/Service,9187344,HB4411,2019-10-18T13:08:47+00:00,32.842535,30.712662,6.83,344.1,344,Under way using engine,OFFSHORE GAS FIELD,5.5,IRRELEVANT
620100007,MV Sea Explorer,Research/Service,9187344,HB4411,2019-10-18T13:20:47+00:00,32.843152,30.712453,6.74,354.3,354,Under way using engine,OFFSHORE GAS FIELD,5.5,IRRELEVANT
620100007,MV Sea Explorer,Research/Service,9187344,HB4411,2019-10-18T13:32:47+00:00,32.843773,30.712379,7.13,19.7,20,Under way using engine,OFFSHORE GAS FIELD,5.5,IRRELEVANT
620100007,MV Sea Explorer,Research/Service,9187344,HB4411,2019-10-18T13:44:47+00:00,32.844518,30.712697,6.71,340.2,340,Under way using engine,OFFSHORE GAS FIELD,5.5,IRRELEVANT
620100007,MV Sea Explorer,Research/Service,9187344,HB4411,2019-10-18T13:56:47+00:00,32.84501,30.712486,6.99,23.3,23,Under way using engine,OFFSHORE GAS FIELD,5.5,IRRELEVANT
620100007,MV Sea Explorer,Research/Service,9187344,HB4411,2019-10-18T14:08:47+00:00,32.845527,30.712751,6.74,359.5,0,Under way using engine,OFFSHORE GAS FIELD,5.5,IRRELEVANT
620100007,MV Sea Explorer,Research/Service,9187344,HB4411,2019-10-18T14:20:47+00:00,32.846101,30.712746,7.17,353.2,353,Under way using engine,OFFSHORE GAS FIELD,5.5,IRRELEVANT
620100007,MV Sea Explorer,Research/Service,9187344,HB4411,2019-10-18T14:32:47+00:00,32.846686,30.712662,7.01,346.5,347,Under way using engine,OFFSHORE GAS FIELD,5.5,IRRELEVANT
620100007,MV Sea Explorer,Research/Service,9187344,HB4411,2019-10-18T14:44:47+00:00,32.847208,30.712514,7.07,14.8,15,Under way using engine,OFFSHORE GAS FIELD,5.5,IRRELEVANT
620100007,MV Sea Explorer,Research/Service,9187344,HB4411,2019-10-18T14:56:47+00:00,32.84765,30.712653,6.82,359.5,0,Under way using engine,OFFSHORE GAS FIELD,5.5,IRRELEVANT
620100007,MV Sea Explorer,Research/Service,9187344,HB4411,2019-10-18T15:08:47+00:00,32.848307,30.712646,7.24,8.1,8,Under way using engine,OFFSHORE GAS FIELD,5.5,IRRELEVANT
620100007,MV Sea Explorer,Research/Service,9187344,HB4411,2019-10-18T15:20:47+00:00,32.848887,30.712744,7.09,355.4,355,Under way using engine,OFFSHORE GAS FIELD,5.5,IRRELEVANT
620100007,MV Sea Explorer,Research/Service,9187344,HB4411,2019-10-18T15:32:47+00:00,32.849408,30.712694,7.08,341.0,341,Under way using engine,OFFSHORE GAS FIELD,5.5,IRRELEVANT
620100007,MV Sea Explorer,Research/Service,9187344,HB4411,2019-10-18T15:44:47+00:00,32.849935,30.712478,7.13,5.6,6,Under way using engine,OFFSHORE GAS FIELD,5.5,IRRELEVANT
620100007,MV Sea Explorer,Research/Service,9187344,HB4411,2019-10-18T15:56:47+00:00,32.850415,30.712535,6.89,359.7,0,Under way using engine,OFFSHORE GAS FIELD,5.5,IRRELEVANT
620100007,MV Sea Explorer,Research/Service,9187344,HB4411,2019-10-18T16:08:47+00:00,32.85098,30.712531,6.95,11.9,12,Under way using engine,OFFSHORE GAS FIELD,5.5,IRRELEVANT
620100007,MV Sea Explorer,Research/Service,9187344,HB4411,2019-10-18T16:20:47+00:00,32.851613,30.71269,6.81,348.6,349,Under way using engine,OFFSHORE GAS FIELD,5.5,IRRELEVANT
620100007,MV Sea Explorer,Research/Service,9187344,HB4411,2019-10-18T16:32:47+00:00,32.852189,30.712552,6.93,12.2,12,Under way using engine,OFFSHORE GAS FIELD,5.5,IRRELEVANT
620100007,MV Sea Explorer,Research/Service,9187344,HB4411,2019-10-18T16:44:47+00:00,32.852773,30.712703,7.18,343.3,343,Under way using engine,OFFSHORE GAS FIELD,5.5,IRRELEVANT
620100007,MV Sea Explorer,Research/Service,9187344,HB4411,2019-10-18T16:56:47+00:00,32.85337,30.71249,6.86,16.1,16,Under way using engine,OFFSHORE GAS FIELD,5.5,IRRELEVANT
620100007,MV Sea Explorer,Research/Service,9187344,HB4411,2019-10-18T17:08:47+00:00,32.853851,30.712655,6.89,347.9,348,Under way using engine,OFFSHORE GAS FIELD,5.5,IRRELEVANT
620100007,MV Sea Explorer,Research/Service,9187344,HB4411,2019-10-18T17:20:47+00:00,32.854307,30.712539,7.12,354.7,355,Under way using engine,OFFSHORE GAS FIELD,5.5,IRRELEVANT
620100007,MV Sea Explorer,Research/Service,9187344,HB4411,2019-10-18T17:32:47+00:00,32.854991,30.712463,6.86,14.6,15,Under way using engine,OFFSHORE GAS FIELD,5.5,IRRELEVANT
620100007,MV Sea Explorer,Research/Service,9187344,HB4411,2019-10-18T17:44:47+00:00,32.855604,30.712654,7.17,0.6,1,Under way using engine,OFFSHORE GAS FIELD,5.5,IRRELEVANT
620100007,MV Sea Explorer,Research/Service,9187344,HB4411,2019-10-18T17:56:47+00:00,32.855986,30.712658,6.75,7.7,8,Under way using engine,OFFSHORE GAS FIELD,5.5,IRRELEVANT
620100007,MV Sea Explorer,Research/Service,9187344,HB4411,2019-10-18T18:08:47+00:00,32.856516,30.712743,6.96,339.8,340,Under way using engine,OFFSHORE GAS FIELD,5.5,IRRELEVANT
620100007,MV Sea Explorer,Research/Service,9187344,HB4411,2019-10-18T18:20:47+00:00,32.857202,30.712444,6.72,30.0,30,Under way using engine,OFFSHORE GAS FIELD,5.5,IRRELEVANT
620100007,MV Sea Explorer,Research/Service,9187344,HB4411,2019-10-18T18:32:47+00:00,32.857599,30.712716,7.24,356.8,357,Under way using engine,OFFSHORE GAS FIELD,5.5,IRRELEVANT
620100007,MV Sea Explorer,Research/Service,9187344,HB4411,2019-10-18T18:44:47+00:00,32.858245,30.712673,7.24,359.2,359,Under way using engine,OFFSHORE GAS FIELD,5.5,IRRELEVANT
620100007,MV Sea Explorer,Research/Service,9187344,HB4411,2019-10-18T18:56:47+00:00,32.858786,30.712664,7.05,359.8,0,Under way using engine,OFFSHORE GAS FIELD,5.5,IRRELEVANT
620100007,MV Sea Explorer,Research/Service,9187344,HB4411,2019-10-18T19:08:47+00:00,32.859465,30.712661,7.21,348.7,349,Under way using engine,OFFSHORE GAS FIELD,5.5,IRRELEVANT
620100007,MV Sea Explorer,Research/Service,9187344,HB4411,2019-10-18T19:20:47+00:00,32.859935,30.71255,6.78,3.2,3,Under way using engine,OFFSHORE GAS FIELD,5.5,IRRELEVANT
620100007,MV Sea Explorer,Research/Service,9187344,HB4411,2019-10-18T19:32:47+00:00,32.860496,30.712587,7.17,9.8,10,Under way using engine,OFFSHORE GAS FIELD,5.5,IRRELEVANT
620100007,MV Sea Explorer,Research/Service,9187344,HB4411,2019-10-18T19:44:47+00:00,32.860874,30.712664,7.09,4.1,4,Under way using engine,OFFSHORE GAS FIELD,5.5,IRRELEVANT
620100007,MV Sea Explorer,Research/Service,9187344,HB4411,2019-10-18T19:56:47+00:00,32.861673,30.712733,7.16,5.5,6,Under way using engine,OFFSHORE GAS FIELD,5.5,IRRELEVANT
620100007,MV Sea Explorer,Research/Service,9187344,HB4411,2019-10-18T20:08:47+00:00,32.862274,30.712802,7.07,350.2,350,Under way using engine,OFFSHORE GAS FIELD,5.5,IRRELEVANT
620100007,MV Sea Explorer,Research/Service,9187344,HB4411,2019-10-18T20:20:47+00:00,32.862747,30.712705,7.05,349.7,350,Under way using engine,OFFSHORE GAS FIELD,5.5,IRRELEVANT
620100007,MV Sea Explorer,Research/Service,9187344,HB4411,2019-10-18T20:32:47+00:00,32.863455,30.712551,6.93,349.9,350,Under way using engine,OFFSHORE GAS FIELD,5.5,IRRELEVANT
620100007,MV Sea Explorer,Research/Service,9187344,HB4411,2019-10-18T20:44:47+00:00,32.863883,30.71246,7.26,18.8,19,Under way using engine,OFFSHORE GAS FIELD,5.5,IRRELEVANT
620100007,MV Sea Explorer,Research/Service,9187344,HB4411,2019-10-18T20:56:47+00:00,32.864368,30.712656,7.02,2.4,2,Under way using engine,OFFSHORE GAS FIELD,5.5,IRRELEVANT
620100007,MV Sea Explorer,Research/Service,9187344,HB4411,2019-10-18T21:08:47+00:00,32.865007,30.712689,7.06,345.1,345,Under way using engine,OFFSHORE GAS FIELD,5.5,IRRELEVANT
620100007,MV Sea Explorer,Research/Service,9187344,HB4411,2019-10-18T21:20:47+00:00,32.865493,30.712535,7.1,21.5,21,Under way using engine,OFFSHORE GAS FIELD,5.5,IRRELEVANT
620100007,MV Sea Explorer,Research/Service,9187344,HB4411,2019-10-18T21:32:47+00:00,32.86595,30.712748,7.27,340.7,341,Under way using engine,OFFSHORE GAS FIELD,5.5,IRRELEVANT
620100007,MV Sea Explorer,Research/Service,9187344,HB4411,2019-10-18T21:44:47+00:00,32.866611,30.712472,7.11,18.5,19,Under way using engine,OFFSHORE GAS FIELD,5.5,IRRELEVANT
620100007,MV Sea Explorer,Research/Service,9187344,HB4411,2019-10-18T21:56:47+00:00,32.867268,30.712734,6.87,338.1,338,Under way using engine,OFFSHORE GAS FIELD,5.5,IRRELEVANT
620100007,MV Sea Explorer,Research/Service,9187344,HB4411,2019-10-18T22:08:47+00:00,32.867763,30.712498,7.06,1.2,1,Under way using engine,OFFSHORE GAS FIELD,5.5,IRRELEVANT
620100007,MV Sea Explorer,Research/Service,9187344,HB4411,2019-10-18T22:20:47+00:00,32.868334,30.712512,6.97,10.8,11,Under way using engine,OFFSHORE GAS FIELD,5.5,IRRELEVANT
620100007,MV Sea Explorer,Research/Service,9187344,HB4411,2019-10-18T22:32:47+00:00,32.868929,30.712647,6.8,3.0,3,Under way using engine,OFFSHORE GAS FIELD,5.5,IRRELEVANT
620100007,MV Sea Explorer,Research/Service,9187344,HB4411,2019-10-18T22:44:47+00:00,32.869544,30.712685,7.2,31.5,32,Under way using engine,OFFSHORE GAS FIELD,5.5,IRRELEVANT
620100007,MV Sea Explorer,Research/Service,9187344,HB4411,2019-10-18T22:56:47+00:00,32.869846,30.712906,6.94,332.4,332,Under way using engine,OFFSHORE GAS FIELD,5.5,IRRELEVANT
620100007,MV Sea Explorer,Research/Service,9187344,HB4411,2019-10-18T23:08:47+00:00,32.870524,30.712485,6.87,16.4,16,Under way using engine,OFFSHORE GAS FIELD,5.5,IRRELEVANT
620100007,MV Sea Explorer,Research/Service,9187344,HB4411,2019-10-18T23:20:47+00:00,32.871071,30.712677,7.06,351.1,351,Under way using engine,OFFSHORE GAS FIELD,5.5,IRRELEVANT
620100007,MV Sea Explorer,Research/Service,9187344,HB4411,2019-10-18T23:32:47+00:00,32.871565,30.712585,6.72,0.0,0,Under way using engine,OFFSHORE GAS FIELD,5.5,IRRELEVANT
620100007,MV Sea Explorer,Research/Service,9187344,HB4411,2019-10-18T23:44:47+00:00,32.872086,30.712585,7.06,7.1,7,Under way using engine,OFFSHORE GAS FIELD,5.5,IRRELEVANT
620100007,MV Sea Explorer,Research/Service,9187344,HB4411,2019-10-18T23:56:47+00:00,32.872609,30.712662,7.22,357.0,357,Under way using engine,OFFSHORE GAS FIELD,5.5,IRRELEVANT
620100007,MV Sea Explorer,Research/Service,9187344,HB4411,2019-10-19T00:08:47+00:00,32.873261,30.712621,7.14,353.9,354,Under way using engine,OFFSHORE GAS FIELD,5.5,IRRELEVANT
620100007,MV Sea Explorer,Research/Service,9187344,HB4411,2019-10-19T00:20:47+00:00,32.873923,30.712537,7.3,6.8,7,Under way using engine,OFFSHORE GAS FIELD,5.5,IRRELEVANT
620100007,MV Sea Explorer,Research/Service,9187344,HB4411,2019-10-19T00:32:47+00:00,32.874418,30.712607,6.98,357.3,357,Under way using engine,OFFSHORE GAS FIELD,5.5,IRRELEVANT
620100007,MV Sea Explorer,Research/Service,9187344,HB4411,2019-10-19T00:44:47+00:00,32.874893,30.71258,7.29,3.8,4,Under way using engine,OFFSHORE GAS FIELD,5.5,IRRELEVANT
620100007,MV Sea Explorer,Research/Service,9187344,HB4411,2019-10-19T00:56:47+00:00,32.875534,30.712631,7.26,51.3,51,Under way using engine,OFFSHORE GAS FIELD,5.5,IRRELEVANT
620100007,MV Sea Explorer,Research/Service,9187344,HB4411,2019-10-19T01:08:47+00:00,32.877146,30.715025,6.74,52.4,52,Under way using engine,OFFSHORE GAS FIELD,5.5,IRRELEVANT
620100007,MV Sea Explorer,Research/Service,9187344,HB4411,2019-10-19T01:20:47+00:00,32.878767,30.71753,6.98,51.7,52,Under way using engine,OFFSHORE GAS FIELD,5.5,IRRELEVANT
620100007,MV Sea Explorer,Research/Service,9187344,HB4411,2019-10-19T01:32:47+00:00,32.880451,30.720072,6.8,53.4,53,Under way using engine,OFFSHORE GAS FIELD,5.5,IRRELEVANT
620100007,MV Sea Explorer,Research/Service,9187344,HB4411,2019-10-19T01:44:47+00:00,32.881996,30.722554,7.18,50.1,50,Under way using engine,OFFSHORE GAS FIELD,5.5,IRRELEVANT
620100007,MV Sea Explorer,Research/Service,9187344,HB4411,2019-10-19T01:56:47+00:00,32.883713,30.724996,6.84,50.7,51,Under way using engine,OFFSHORE GAS FIELD,5.5,IRRELEVANT
620100007,MV Sea Explorer,Research/Service,9187344,HB4411,2019-10-19T02:08:47+00:00,32.885462,30.727542,6.91,52.5,53,Under way using engine,OFFSHORE GAS FIELD,5.5,IRRELEVANT
620100007,MV Sea Explorer,Research/Service,9187344,HB4411,2019-10-19T02:20:47+00:00,32.887121,30.730118,6.83,51.6,52,Under way using engine,OFFSHORE GAS FIELD,5.5,IRRELEVANT
620100007,MV Sea Explorer,Research/Service,9187344,HB4411,2019-10-19T02:32:47+00:00,32.888795,30.732633,6.91,49.6,50,Under way using engine,OFFSHORE GAS FIELD,5.5,IRRELEVANT
620100007,MV Sea Explorer,Research/Service,9187344,HB4411,2019-10-19T02:44:47+00:00,32.890497,30.735015,6.88,50.6,51,Under way using engine,OFFSHORE GAS FIELD,5.5,IRRELEVANT
620100007,MV Sea Explorer,Research/Service,9187344,HB4411,2019-10-19T02:56:47+00:00,32.892302,30.737628,6.78,56.0,56,Under way using engine,OFFSHORE GAS FIELD,5.5,IRRELEVANT
620100007,MV Sea Explorer,Research/Service,9187344,HB4411,2019-10-19T03:08:47+00:00,32.893852,30.740369,6.79,52.2,52,Under way using engine,OFFSHORE GAS FIELD,5.5,IRRELEVANT
620100007,MV Sea Explorer,Research/Service,9187344,HB4411,2019-10-19T03:20:47+00:00,32.895357,30.742678,6.99,47.5,47,Under way using engine,OFFSHORE GAS FIELD,5.5,IRRELEVANT
620100007,MV Sea Explorer,Research/Service,9187344,HB4411,2019-10-19T03:32:47+00:00,32.897159,30.745017,6.88,51.8,52,Under way using engine,OFFSHORE GAS FIELD,5.5,IRRELEVANT
620100007,MV Sea Explorer,Research/Service,9187344,HB4411,2019-10-19T03:44:47+00:00,32.898715,30.747368,7.14,50.2,50,Under way using engine,OFFSHORE GAS FIELD,5.5,IRRELEVANT
620100007,MV Sea Explorer,Research/Service,9187344,HB4411,2019-10-19T03:56:47+00:00,32.900683,30.750181,7.17,55.5,56,Under way using engine,OFFSHORE GAS FIELD,5.5,IRRELEVANT
620100007,MV Sea Explorer,Research/Service,9187344,HB4411,2019-10-19T04:08:47+00:00,32.902125,30.752681,7.02,51.4,51,Under way using engine,OFFSHORE GAS FIELD,5.5,IRRELEVANT
620100007,MV Sea Explorer,Research/Service,9187344,HB4411,2019-10-19T04:20:47+00:00,32.903805,30.755185,6.82,47.3,47,Under way using engine,OFFSHORE GAS FIELD,5.5,IRRELEVANT
620100007,MV Sea Explorer,Research/Service,9187344,HB4411,2019-10-19T04:32:47+00:00,32.90567,30.757593,7.0,52.3,52,Under way using engine,OFFSHORE GAS FIELD,5.5,IRRELEVANT
620100007,MV Sea Explorer,Research/Service,9187344,HB4411,2019-10-19T04:44:47+00:00,32.907291,30.760094,6.92,55.4,55,Under way using engine,OFFSHORE GAS FIELD,5.5,IRRELEVANT
620100007,MV Sea Explorer,Research/Service,9187344,HB4411,2019-10-19T04:56:47+00:00,32.908806,30.762705,6.9,47.0,47,Under way using engine,OFFSHORE GAS FIELD,5.5,IRRELEVANT
620100007,MV Sea Explorer,Research/Service,9187344,HB4411,2019-10-19T05:08:47+00:00,32.910656,30.765073,6.78,52.7,53,Under way using engine,OFFSHORE GAS FIELD,5.5,IRRELEVANT
620100007,MV Sea Explorer,Research/Service,9187344,HB4411,2019-10-19T05:20:47+00:00,32.912193,30.767474,7.05,49.6,50,Under way using engine,OFFSHORE GAS FIELD,5.5,IRRELEVANT
620100007,MV Sea Explorer,Research/Service,9187344,HB4411,2019-10-19T05:32:47+00:00,32.914055,30.770084,6.84,60.5,61,Under way using engine,OFFSHORE GAS FIELD,5.5,IRRELEVANT
620100007,MV Sea Explorer,Research/Service,9187344,HB4411,2019-10-19T05:44:47+00:00,32.91529,30.772686,7.1,45.5,46,Under way using engine,OFFSHORE GAS FIELD,5.5,IRRELEVANT
620100007,MV Sea Explorer,Research/Service,9187344,HB4411,2019-10-19T05:56:47+00:00,32.917188,30.77499,6.81,53.9,54,Under way using engine,OFFSHORE GAS FIELD,5.5,IRRELEVANT
620100007,MV Sea Explorer,Research/Service,9187344,HB4411,2019-10-19T06:08:47+00:00,32.918742,30.777528,6.81,52.6,53,Under way using engine,OFFSHORE GAS FIELD,5.5,IRRELEVANT
620100007,MV Sea Explorer,Research/Service,9187344,HB4411,2019-10-19T06:20:47+00:00,32.920445,30.780183,7.26,50.1,50,Under way using engine,OFFSHORE GAS FIELD,5.5,IRRELEVANT
620100007,MV Sea Explorer,Research/Service,9187344,HB4411,2019-10-19T06:32:47+00:00,32.922173,30.782645,6.79,48.6,49,Under way using engine,OFFSHORE GAS FIELD,5.5,IRRELEVANT
620100007,MV Sea Explorer,Research/Service,9187344,HB4411,2019-10-19T06:44:47+00:00,32.923955,30.785049,6.92,53.1,53,Under way using engine,OFFSHORE GAS FIELD,5.5,IRRELEVANT
620100007,MV Sea Explorer,Research/Service,9187344,HB4411,2019-10-19T06:56:47+00:00,32.925512,30.787516,7.21,54.1,54,Under way using engine,OFFSHORE GAS FIELD,5.5,IRRELEVANT
620100007,MV Sea Explorer,Research/Service,9187344,HB4411,2019-10-19T07:08:47+00:00,32.927114,30.790148,7.1,50.5,50,Under way using engine,OFFSHORE GAS FIELD,5.5,IRRELEVANT
620100007,MV Sea Explorer,Research/Service,9187344,HB4411,2019-10-19T07:20:47+00:00,32.928765,30.792532,7.22,51.6,52,Under way using engine,OFFSHORE GAS FIELD,5.5,IRRELEVANT
620100007,MV Sea Explorer,Research/Service,9187344,HB4411,2019-10-19T07:32:47+00:00,32.930416,30.795011,6.7,51.1,51,Under way using engine,OFFSHORE GAS FIELD,5.5,IRRELEVANT
620100007,MV Sea Explorer,Research/Service,9187344,HB4411,2019-10-19T07:44:47+00:00,32.932196,30.797638,7.08,53.2,53,Under way using engine,OFFSHORE GAS FIELD,5.5,IRRELEVANT
620100007,MV Sea Explorer,Research/Service,9187344,HB4411,2019-10-19T07:56:47+00:00,32.93377,30.800146,6.97,50.9,51,Under way using engine,OFFSHORE GAS FIELD,5.5,IRRELEVANT
620100007,MV Sea Explorer,Research/Service,9187344,HB4411,2019-10-19T08:08:47+00:00,32.935429,30.802574,6.99,51.5,51,Under way using engine,OFFSHORE GAS FIELD,5.5,IRRELEVANT
620100007,MV Sea Explorer,Research/Service,9187344,HB4411,2019-10-19T08:20:47+00:00,32.937073,30.805033,6.84,51.8,52,Under way using engine,OFFSHORE GAS FIELD,5.5,IRRELEVANT
620100007,MV Sea Explorer,Research/Service,9187344,HB4411,2019-10-19T08:32:47+00:00,32.938826,30.807689,6.98,52.0,52,Under way using engine,OFFSHORE GAS FIELD,5.5,IRRELEVANT
620100007,MV Sea Explorer,Research/Service,9187344,HB4411,2019-10-19T08:44:47+00:00,32.940439,30.810146,6.99,45.3,45,Under way using engine,OFFSHORE GAS FIELD,5.5,IRRELEVANT
620100007,MV Sea Explorer,Research/Service,9187344,HB4411,2019-10-19T08:56:47+00:00,32.942361,30.81246,7.3,58.7,59,Under way using engine,OFFSHORE GAS FIELD,5.5,IRRELEVANT
620100007,MV Sea Explorer,Research/Service,9187344,HB4411,2019-10-19T09:08:47+00:00,32.943781,30.815239,7.2,48.7,49,Under way using engine,OFFSHORE GAS FIELD,5.5,IRRELEVANT
620100007,MV Sea Explorer,Research/Service,9187344,HB4411,2019-10-19T09:20:47+00:00,32.94544,30.817489,7.01,50.8,51,Under way using engine,OFFSHORE GAS FIELD,5.5,IRRELEVANT
620100007,MV Sea Explorer,Research/Service,9187344,HB4411,2019-10-19T09:32:47+00:00,32.947243,30.820122,7.01,53.8,54,Under way using engine,OFFSHORE GAS FIELD,5.5,IRRELEVANT
620100007,MV Sea Explorer,Research/Service,9187344,HB4411,2019-10-19T09:44:47+00:00,32.948768,30.8226,6.72,55.8,56,Under way using engine,OFFSHORE GAS FIELD,5.5,IRRELEVANT
620100007,MV Sea Explorer,Research/Service,9187344,HB4411,2019-10-19T09:56:47+00:00,32.950292,30.825272,7.2,48.3,48,Under way using engine,OFFSHORE GAS FIELD,5.5,IRRELEVANT
620100007,MV Sea Explorer,Research/Service,9187344,HB4411,2019-10-19T10:08:47+00:00,32.952011,30.82757,6.73,50.6,51,Under way using engine,OFFSHORE GAS FIELD,5.5,IRRELEVANT
620100007,MV Sea Explorer,Research/Service,9187344,HB4411,2019-10-19T10:20:47+00:00,32.953776,30.830133,7.06,50.9,51,Under way using engine,OFFSHORE GAS FIELD,5.5,IRRELEVANT
620100007,MV Sea Explorer,Research/Service,9187344,HB4411,2019-10-19T10:32:47+00:00,32.955419,30.832545,6.93,52.9,53,Under way using engine,OFFSHORE GAS FIELD,5.5,IRRELEVANT
620100007,MV Sea Explorer,Research/Service,9187344,HB4411,2019-10-19T10:44:47+00:00,32.957122,30.835226,7.15,48.3,48,Under way using engine,OFFSHORE GAS FIELD,5.5,IRRELEVANT
620100007,MV Sea Explorer,Research/Service,9187344,HB4411,2019-10-19T10:56:47+00:00,32.958866,30.837555,6.84,53.4,53,Under way using engine,OFFSHORE GAS FIELD,5.5,IRRELEVANT
620100007,MV Sea Explorer,Research/Service,9187344,HB4411,2019-10-19T11:08:47+00:00,32.960569,30.840285,7.26,51.5,51,Under way using engine,OFFSHORE GAS FIELD,5.5,IRRELEVANT
620100007,MV Sea Explorer,Research/Service,9187344,HB4411,2019-10-19T11:20:47+00:00,32.962103,30.842583,6.71,51.9,52,Under way using engine,OFFSHORE GAS FIELD,5.5,IRRELEVANT
620100007,MV Sea Explorer,Research/Service,9187344,HB4411,2019-10-19T11:32:47+00:00,32.963843,30.84523,7.17,50.0,50,Under way using engine,OFFSHORE GAS FIELD,5.5,IRRELEVANT
620100007,MV Sea Explorer,Research/Service,9187344,HB4411,2019-10-19T11:44:47+00:00,32.96543,30.84748,6.72,51.8,52,Under way using engine,OFFSHORE GAS FIELD,5.5,IRRELEVANT
620100007,MV Sea Explorer,Research/Service,9187344,HB4411,2019-10-19T11:56:47+00:00,32.967176,30.850125,7.26,48.5,49,Under way using engine,OFFSHORE GAS FIELD,5.5,IRRELEVANT
620100007,MV Sea Explorer,Research/Service,9187344,HB4411,2019-10-19T12:08:47+00:00,32.968903,30.852454,7.11,52.3,52,Under way using engine,OFFSHORE GAS FIELD,5.5,IRRELEVANT
620100007,MV Sea Explorer,Research/Service,9187344,HB4411,2019-10-19T12:20:47+00:00,32.970587,30.855054,7.27,53.5,54,Under way using engine,OFFSHORE GAS FIELD,5.5,IRRELEVANT
620100007,MV Sea Explorer,Research/Service,9187344,HB4411,2019-10-19T12:32:47+00:00,32.9722,30.857653,6.87,51.7,52,Under way using engine,OFFSHORE GAS FIELD,5.5,IRRELEVANT
620100007,MV Sea Explorer,Research/Service,9187344,HB4411,2019-10-19T12:44:47+00:00,32.973921,30.860247,7.29,51.8,52,Under way using engine,OFFSHORE GAS FIELD,5.5,IRRELEVANT
620100007,MV Sea Explorer,Research/Service,9187344,HB4411,2019-10-19T12:56:47+00:00,32.975391,30.862472,6.75,51.8,52,Under way using engine,OFFSHORE GAS FIELD,5.5,IRRELEVANT
620100008,MV Coral Tide,Container,9741123,VR8890,2019-10-18T06:56:47+00:00,32.875336,29.662561,19.34,178.0,178,Under way using engine,DAMANHUR,13.5,IRRELEVANT
620100008,MV Coral Tide,Container,9741123,VR8890,2019-10-18T07:08:47+00:00,32.866564,29.662929,19.93,177.6,178,Under way using engine,DAMANHUR,13.5,IRRELEVANT
620100008,MV Coral Tide,Container,9741123,VR8890,2019-10-18T07:20:47+00:00,32.857755,29.663374,19.15,176.7,177,Under way using engine,DAMANHUR,13.5,IRRELEVANT
620100008,MV Coral Tide,Container,9741123,VR8890,2019-10-18T07:32:47+00:00,32.848828,29.663982,19.5,178.7,179,Under way using engine,DAMANHUR,13.5,IRRELEVANT
620100008,MV Coral Tide,Container,9741123,VR8890,2019-10-18T07:44:47+00:00,32.839926,29.664215,19.66,176.2,176,Under way using engine,DAMANHUR,13.5,IRRELEVANT
620100008,MV Coral Tide,Container,9741123,VR8890,2019-10-18T07:56:47+00:00,32.831138,29.664904,19.58,177.1,177,Under way using engine,DAMANHUR,13.5,IRRELEVANT
620100008,MV Coral Tide,Container,9741123,VR8890,2019-10-18T08:08:47+00:00,32.822072,29.665441,19.4,178.2,178,Under way using engine,DAMANHUR,13.5,IRRELEVANT
620100008,MV Coral Tide,Container,9741123,VR8890,2019-10-18T08:20:47+00:00,32.813251,29.665771,19.69,178.3,178,Under way using engine,DAMANHUR,13.5,IRRELEVANT
620100008,MV Coral Tide,Container,9741123,VR8890,2019-10-18T08:32:47+00:00,32.804306,29.666095,19.18,178.3,178,Under way using engine,DAMANHUR,13.5,IRRELEVANT
620100008,MV Coral Tide,Container,9741123,VR8890,2019-10-18T08:44:47+00:00,32.795416,29.666412,19.83,176.8,177,Under way using engine,DAMANHUR,13.5,IRRELEVANT
620100008,MV Coral Tide,Container,9741123,VR8890,2019-10-18T08:56:47+00:00,32.786646,29.666987,19.53,178.3,178,Under way using engine,DAMANHUR,13.5,IRRELEVANT
620100008,MV Coral Tide,Container,9741123,VR8890,2019-10-18T09:08:47+00:00,32.777716,29.667304,19.3,175.6,176,Under way using engine,DAMANHUR,13.5,IRRELEVANT
620100008,MV Coral Tide,Container,9741123,VR8890,2019-10-18T09:20:47+00:00,32.768697,29.668132,19.16,179.2,179,Under way using engine,DAMANHUR,13.5,IRRELEVANT
620100008,MV Coral Tide,Container,9741123,VR8890,2019-10-18T09:32:47+00:00,32.759957,29.668277,19.9,177.5,177,Under way using engine,DAMANHUR,13.5,IRRELEVANT
620100008,MV Coral Tide,Container,9741123,VR8890,2019-10-18T09:44:47+00:00,32.751182,29.668738,19.66,176.7,177,Under way using engine,DAMANHUR,13.5,IRRELEVANT
620100008,MV Coral Tide,Container,9741123,VR8890,2019-10-18T09:56:47+00:00,32.742358,29.669348,19.9,178.6,179,Under way using engine,DAMANHUR,13.5,IRRELEVANT
620100008,MV Coral Tide,Container,9741123,VR8890,2019-10-18T10:08:47+00:00,32.733112,29.669615,19.01,176.7,177,Under way using engine,DAMANHUR,13.5,IRRELEVANT
620100008,MV Coral Tide,Container,9741123,VR8890,2019-10-18T10:20:47+00:00,32.724436,29.670206,19.1,176.6,177,Under way using engine,DAMANHUR,13.5,IRRELEVANT
620100008,MV Coral Tide,Container,9741123,VR8890,2019-10-18T10:32:47+00:00,32.715387,29.670841,19.12,179.3,179,Under way using engine,DAMANHUR,13.5,IRRELEVANT
620100008,MV Coral Tide,Container,9741123,VR8890,2019-10-18T10:44:47+00:00,32.706626,29.670977,19.74,177.3,177,Under way using engine,DAMANHUR,13.5,IRRELEVANT
620100008,MV Coral Tide,Container,9741123,VR8890,2019-10-18T10:56:47+00:00,32.697729,29.671468,19.53,177.2,177,Under way using engine,DAMANHUR,13.5,IRRELEVANT
620100008,MV Coral Tide,Container,9741123,VR8890,2019-10-18T11:08:47+00:00,32.688659,29.671992,19.94,178.4,178,Under way using engine,DAMANHUR,13.5,IRRELEVANT
620100008,MV Coral Tide,Container,9741123,VR8890,2019-10-18T11:20:47+00:00,32.679754,29.672292,19.05,177.2,177,Under way using engine,DAMANHUR,13.5,IRRELEVANT
620100008,MV Coral Tide,Container,9741123,VR8890,2019-10-18T11:32:47+00:00,32.671069,29.672792,19.46,178.1,178,Under way using engine,DAMANHUR,13.5,IRRELEVANT
620100008,MV Coral Tide,Container,9741123,VR8890,2019-10-18T11:44:47+00:00,32.662222,29.673133,19.25,176.4,176,Under way using engine,DAMANHUR,13.5,IRRELEVANT
620100008,MV Coral Tide,Container,9741123,VR8890,2019-10-18T11:56:47+00:00,32.653091,29.673814,19.82,177.4,177,Under way using engine,DAMANHUR,13.5,IRRELEVANT
620100008,MV Coral Tide,Container,9741123,VR8890,2019-10-18T12:08:47+00:00,32.64438,29.674288,19.35,178.6,179,Under way using engine,DAMANHUR,13.5,IRRELEVANT
620100008,MV Coral Tide,Container,9741123,VR8890,2019-10-18T12:20:47+00:00,32.635615,29.674548,19.33,178.9,179,Under way using engine,DAMANHUR,13.5,IRRELEVANT
620100008,MV Coral Tide,Container,9741123,VR8890,2019-10-18T12:32:47+00:00,32.626459,29.674761,19.84,176.7,177,Under way using engine,DAMANHUR,13.5,IRRELEVANT
620100008,MV Coral Tide,Container,9741123,VR8890,2019-10-18T12:44:47+00:00,32.617667,29.675359,19.81,176.3,176,Under way using engine,DAMANHUR,13.5,IRRELEVANT
620100008,MV Coral Tide,Container,9741123,VR8890,2019-10-18T12:56:47+00:00,32.608792,29.676049,19.46,178.3,178,Under way using engine,DAMANHUR,13.5,IRRELEVANT
620100008,MV Coral Tide,Container,9741123,VR8890,2019-10-18T13:08:47+00:00,32.599986,29.676359,19.12,177.2,177,Under way using engine,DAMANHUR,13.5,IRRELEVANT
620100008,MV Coral Tide,Container,9741123,VR8890,2019-10-18T13:20:47+00:00,32.591075,29.676867,19.53,178.1,178,Under way using engine,DAMANHUR,13.5,IRRELEVANT
620100008,MV Coral Tide,Container,9741123,VR8890,2019-10-18T13:32:47+00:00,32.582164,29.677215,19.41,177.8,178,Under way using engine,DAMANHUR,13.5,IRRELEVANT
620100008,MV Coral Tide,Container,9741123,VR8890,2019-10-18T13:44:47+00:00,32.573323,29.677613,19.97,176.7,177,Under way using engine,DAMANHUR,13.5,IRRELEVANT
620100008,MV Coral Tide,Container,9741123,VR8890,2019-10-18T13:56:47+00:00,32.564561,29.678205,19.07,178.0,178,Under way using engine,DAMANHUR,13.5,IRRELEVANT
620100008,MV Coral Tide,Container,9741123,VR8890,2019-10-18T14:08:47+00:00,32.555404,29.678579,19.61,177.2,177,Under way using engine,DAMANHUR,13.5,IRRELEVANT
620100008,MV Coral Tide,Container,9741123,VR8890,2019-10-18T14:20:47+00:00,32.546629,29.679093,19.08,179.0,179,Under way using engine,DAMANHUR,13.5,IRRELEVANT
620100008,MV Coral Tide,Container,9741123,VR8890,2019-10-18T14:32:47+00:00,32.537794,29.679284,19.4,176.3,176,Under way using engine,DAMANHUR,13.5,IRRELEVANT
620100008,MV Coral Tide,Container,9741123,VR8890,2019-10-18T14:44:47+00:00,32.528874,29.679976,19.61,178.2,178,Under way using engine,DAMANHUR,13.5,IRRELEVANT
620100008,MV Coral Tide,Container,9741123,VR8890,2019-10-18T14:56:47+00:00,32.519807,29.680307,19.11,178.2,178,Under way using engine,DAMANHUR,13.5,IRRELEVANT
620100008,MV Coral Tide,Container,9741123,VR8890,2019-10-18T15:08:47+00:00,32.510949,29.680644,19.68,176.5,176,Under way using engine,DAMANHUR,13.5,IRRELEVANT
620100008,MV Coral Tide,Container,9741123,VR8890,2019-10-18T15:20:47+00:00,32.502111,29.681287,19.4,177.9,178,Under way using engine,DAMANHUR,13.5,IRRELEVANT
620100008,MV Coral Tide,Container,9741123,VR8890,2019-10-18T15:32:47+00:00,32.49324,29.681676,19.83,177.7,178,Under way using engine,DAMANHUR,13.5,IRRELEVANT
620100008,MV Coral Tide,Container,9741123,VR8890,2019-10-18T15:44:47+00:00,32.48438,29.682103,19.17,176.7,177,Under way using engine,DAMANHUR,13.5,IRRELEVANT
620100008,MV Coral Tide,Container,9741123,VR8890,2019-10-18T15:56:47+00:00,32.475515,29.682702,19.23,177.5,178,Under way using engine,DAMANHUR,13.5,IRRELEVANT
620100008,MV Coral Tide,Container,9741123,VR8890,2019-10-18T16:08:47+00:00,32.471866,29.682888,19.96,176.8,177,Under way using engine,DAMANHUR,13.5,IRRELEVANT
620100008,MV Coral Tide,Container,9741123,VR8890,2019-10-18T16:20:47+00:00,32.467916,29.683146,19.93,175.2,175,Under way using engine,DAMANHUR,13.5,IRRELEVANT
620100008,MV Coral Tide,Container,9741123,VR8890,2019-10-18T16:32:47+00:00,32.464094,29.683526,19.63,177.9,178,Under way using engine,DAMANHUR,13.5,IRRELEVANT
620100008,MV Coral Tide,Container,9741123,VR8890,2019-10-18T16:44:47+00:00,32.460408,29.683687,19.53,173.7,174,Under way using engine,DAMANHUR,13.5,IRRELEVANT
620100008,MV Coral Tide,Container,9741123,VR8890,2019-10-18T16:56:47+00:00,32.456379,29.68421,19.73,178.3,178,Under way using engine,DAMANHUR,13.5,IRRELEVANT
620100008,MV Coral Tide,Container,9741123,VR8890,2019-10-18T17:08:47+00:00,32.452613,29.684342,19.83,176.4,176,Under way using engine,DAMANHUR,13.5,IRRELEVANT
620100008,MV Coral Tide,Container,9741123,VR8890,2019-10-18T17:20:47+00:00,32.448953,29.684614,19.43,176.9,177,Under way using engine,DAMANHUR,13.5,IRRELEVANT
620100008,MV Coral Tide,Container,9741123,VR8890,2019-10-18T17:32:47+00:00,32.445097,29.684864,19.25,174.7,175,Under way using engine,DAMANHUR,13.5,IRRELEVANT
620100008,MV Coral Tide,Container,9741123,VR8890,2019-10-18T17:44:47+00:00,32.441209,29.685293,19.51,180.2,180,Under way using engine,DAMANHUR,13.5,IRRELEVANT
620100008,MV Coral Tide,Container,9741123,VR8890,2019-10-18T17:56:47+00:00,32.437472,29.685281,19.33,173.8,174,Under way using engine,DAMANHUR,13.5,IRRELEVANT
620100008,MV Coral Tide,Container,9741123,VR8890,2019-10-18T18:08:47+00:00,32.433586,29.685785,19.73,178.3,178,Under way using engine,DAMANHUR,13.5,IRRELEVANT
620100008,MV Coral Tide,Container,9741123,VR8890,2019-10-18T18:20:47+00:00,32.429917,29.685911,19.81,174.4,174,Under way using engine,DAMANHUR,13.5,IRRELEVANT
620100008,MV Coral Tide,Container,9741123,VR8890,2019-10-18T18:32:47+00:00,32.425963,29.686372,19.78,177.5,178,Under way using engine,DAMANHUR,13.5,IRRELEVANT
620100008,MV Coral Tide,Container,9741123,VR8890,2019-10-18T18:44:47+00:00,32.422174,29.686566,19.66,175.6,176,Under way using engine,DAMANHUR,13.5,IRRELEVANT
620100008,MV Coral Tide,Container,9741123,VR8890,2019-10-18T18:56:47+00:00,32.418284,29.686922,19.94,178.2,178,Under way using engine,DAMANHUR,13.5,IRRELEVANT
620100008,MV Coral Tide,Container,9741123,VR8890,2019-10-18T19:08:47+00:00,32.414592,29.687056,19.22,177.3,177,Under way using engine,DAMANHUR,13.5,IRRELEVANT
620100008,MV Coral Tide,Container,9741123,VR8890,2019-10-18T19:20:47+00:00,32.410783,29.68727,19.42,174.6,175,Under way using engine,DAMANHUR,13.5,IRRELEVANT
620100008,MV Coral Tide,Container,9741123,VR8890,2019-10-18T19:32:47+00:00,32.406896,29.687709,19.42,175.5,176,Under way using engine,DAMANHUR,13.5,IRRELEVANT
620100008,MV Coral Tide,Container,9741123,VR8890,2019-10-18T19:44:47+00:00,32.403158,29.688054,19.08,177.1,177,Under way using engine,DAMANHUR,13.5,IRRELEVANT
620100008,MV Coral Tide,Container,9741123,VR8890,2019-10-18T19:56:47+00:00,32.399225,29.688292,19.02,173.7,174,Under way using engine,DAMANHUR,13.5,IRRELEVANT
620100008,MV Coral Tide,Container,9741123,VR8890,2019-10-18T20:08:47+00:00,32.395605,29.688766,19.16,179.1,179,Under way using engine,DAMANHUR,13.5,IRRELEVANT
620100008,MV Coral Tide,Container,9741123,VR8890,2019-10-18T20:20:47+00:00,32.391653,29.688835,19.87,174.8,175,Under way using engine,DAMANHUR,13.5,IRRELEVANT
620100008,MV Coral Tide,Container,9741123,VR8890,2019-10-18T20:32:47+00:00,32.387867,29.689245,19.05,178.0,178,Under way using engine,DAMANHUR,13.5,IRRELEVANT
620100008,MV Coral Tide,Container,9741123,VR8890,2019-10-18T20:44:47+00:00,32.38408,29.689405,19.39,176.2,176,Under way using engine,DAMANHUR,13.5,IRRELEVANT
620100008,MV Coral Tide,Container,9741123,VR8890,2019-10-18T20:56:47+00:00,32.380269,29.689702,19.01,174.7,175,Under way using engine,DAMANHUR,13.5,IRRELEVANT
620100008,MV Coral Tide,Container,9741123,VR8890,2019-10-18T21:08:47+00:00,32.376385,29.690129,19.04,175.9,176,Under way using engine,DAMANHUR,13.5,IRRELEVANT
620100008,MV Coral Tide,Container,9741123,VR8890,2019-10-18T21:20:47+00:00,32.37247,29.690464,19.97,177.8,178,Under way using engine,DAMANHUR,13.5,IRRELEVANT
620100008,MV Coral Tide,Container,9741123,VR8890,2019-10-18T21:32:47+00:00,32.36866,29.690634,19.71,177.0,177,Under way using engine,DAMANHUR,13.5,IRRELEVANT
620100008,MV Coral Tide,Container,9741123,VR8890,2019-10-18T21:44:47+00:00,32.365071,29.690859,19.37,176.1,176,Under way using engine,DAMANHUR,13.5,IRRELEVANT
620100008,MV Coral Tide,Container,9741123,VR8890,2019-10-18T21:56:47+00:00,32.361151,29.691178,19.43,175.8,176,Under way using engine,DAMANHUR,13.5,IRRELEVANT
620100008,MV Coral Tide,Container,9741123,VR8890,2019-10-18T22:08:47+00:00,32.357448,29.691504,19.22,177.7,178,Under way using engine,DAMANHUR,13.5,IRRELEVANT
620100008,MV Coral Tide,Container,9741123,VR8890,2019-10-18T22:20:47+00:00,32.353659,29.691688,19.93,176.9,177,Under way using engine,DAMANHUR,13.5,IRRELEVANT
620100008,MV Coral Tide,Container,9741123,VR8890,2019-10-18T22:32:47+00:00,32.349775,29.691939,19.34,176.1,176,Under way using engine,DAMANHUR,13.5,IRRELEVANT
620100008,MV Coral Tide,Container,9741123,VR8890,2019-10-18T22:44:47+00:00,32.346044,29.692237,19.05,176.2,176,Under way using engine,DAMANHUR,13.5,IRRELEVANT
620100008,MV Coral Tide,Container,9741123,VR8890,2019-10-18T22:56:47+00:00,32.341876,29.692563,19.33,178.8,179,Under way using engine,DAMANHUR,13.5,IRRELEVANT
620100008,MV Coral Tide,Container,9741123,VR8890,2019-10-18T23:08:47+00:00,32.338424,29.692649,19.16,172.9,173,Under way using engine,DAMANHUR,13.5,IRRELEVANT
620100008,MV Coral Tide,Container,9741123,VR8890,2019-10-18T23:20:47+00:00,32.33468,29.693203,19.76,177.1,177,Under way using engine,DAMANHUR,13.5,IRRELEVANT
620100008,MV Coral Tide,Container,9741123,VR8890,2019-10-18T23:32:47+00:00,32.330721,29.69344,19.27,178.4,178,Under way using engine,DAMANHUR,13.5,IRRELEVANT
620100008,MV Coral Tide,Container,9741123,VR8890,2019-10-18T23:44:47+00:00,32.326813,29.693568,19.68,174.9,175,Under way using engine,DAMANHUR,13.5,IRRELEVANT
620100008,MV Coral Tide,Container,9741123,VR8890,2019-10-18T23:56:47+00:00,32.323276,29.693943,19.19,174.7,175,Under way using engine,DAMANHUR,13.5,IRRELEVANT
620100008,MV Coral Tide,Container,9741123,VR8890,2019-10-19T00:08:47+00:00,32.319178,29.694392,19.89,176.5,176,Under way using engine,DAMANHUR,13.5,IRRELEVANT
620100008,MV Coral Tide,Container,9741123,VR8890,2019-10-19T00:20:47+00:00,32.315469,29.694661,19.23,177.8,178,Under way using engine,DAMANHUR,13.5,IRRELEVANT
620100008,MV Coral Tide,Container,9741123,VR8890,2019-10-19T00:32:47+00:00,32.311544,29.694836,19.67,174.2,174,Under way using engine,DAMANHUR,13.5,IRRELEVANT
620100008,MV Coral Tide,Container,9741123,VR8890,2019-10-19T00:44:47+00:00,32.307933,29.695269,19.82,178.1,178,Under way using engine,DAMANHUR,13.5,IRRELEVANT
620100008,MV Coral Tide,Container,9741123,VR8890,2019-10-19T00:56:47+00:00,32.303961,29.695424,19.74,177.2,177,Under way using engine,DAMANHUR,13.5,IRRELEVANT
620100008,MV Coral Tide,Container,9741123,VR8890,2019-10-19T01:08:47+00:00,32.300402,29.695629,19.27,172.7,173,Under way using engine,DAMANHUR,13.5,IRRELEVANT
620100008,MV Coral Tide,Container,9741123,VR8890,2019-10-19T01:20:47+00:00,32.296542,29.696212,19.87,181.0,181,Under way using engine,DAMANHUR,13.5,IRRELEVANT
620100008,MV Coral Tide,Container,9741123,VR8890,2019-10-19T01:32:47+00:00,32.292615,29.696132,19.62,176.6,177,Under way using engine,DAMANHUR,13.5,IRRELEVANT
620100008,MV Coral Tide,Container,9741123,VR8890,2019-10-19T01:44:47+00:00,32.28868,29.696412,19.33,173.3,173,Under way using engine,DAMANHUR,13.5,IRRELEVANT
620100008,MV Coral Tide,Container,9741123,VR8890,2019-10-19T01:56:47+00:00,32.285138,29.696907,19.2,176.2,176,Under way using engine,DAMANHUR,13.5,IRRELEVANT
620100008,MV Coral Tide,Container,9741123,VR8890,2019-10-19T02:08:47+00:00,32.281233,29.697214,19.82,176.4,176,Under way using engine,DAMANHUR,13.5,IRRELEVANT
620100008,MV Coral Tide,Container,9741123,VR8890,2019-10-19T02:20:47+00:00,32.277552,29.697487,19.02,177.7,178,Under way using engine,DAMANHUR,13.5,IRRELEVANT
620100008,MV Coral Tide,Container,9741123,VR8890,2019-10-19T02:32:47+00:00,32.2735,29.697675,19.77,175.8,176,Under way using engine,DAMANHUR,13.5,IRRELEVANT
620100008,MV Coral Tide,Container,9741123,VR8890,2019-10-19T02:44:47+00:00,32.269844,29.697989,19.1,175.3,175,Under way using engine,DAMANHUR,13.5,IRRELEVANT
620100008,MV Coral Tide,Container,9741123,VR8890,2019-10-19T02:56:47+00:00,32.266066,29.698359,19.32,174.8,175,Under way using engine,DAMANHUR,13.5,IRRELEVANT
620100008,MV Coral Tide,Container,9741123,VR8890,2019-10-19T03:08:47+00:00,32.262257,29.698769,19.6,176.3,176,Under way using engine,DAMANHUR,13.5,IRRELEVANT
620100008,MV Coral Tide,Container,9741123,VR8890,2019-10-19T03:20:47+00:00,32.258431,29.699064,19.43,179.6,180,Under way using engine,DAMANHUR,13.5,IRRELEVANT
620100008,MV Coral Tide,Container,9741123,VR8890,2019-10-19T03:32:47+00:00,32.254639,29.699095,19.23,174.7,175,Under way using engine,DAMANHUR,13.5,IRRELEVANT
620100008,MV Coral Tide,Container,9741123,VR8890,2019-10-19T03:44:47+00:00,32.250633,29.699533,19.63,176.4,176,Under way using engine,DAMANHUR,13.5,IRRELEVANT
620100008,MV Coral Tide,Container,9741123,VR8890,2019-10-19T03:56:47+00:00,32.246848,29.699814,19.06,178.5,178,Under way using engine,DAMANHUR,13.5,IRRELEVANT
620100008,MV Coral Tide,Container,9741123,VR8890,2019-10-19T04:08:47+00:00,32.243147,29.69993,19.85,177.8,178,Under way using engine,DAMANHUR,13.5,IRRELEVANT
620100008,MV Coral Tide,Container,9741123,VR8890,2019-10-19T04:20:47+00:00,32.239281,29.700103,19.93,176.3,176,Under way using engine,DAMANHUR,13.5,IRRELEVANT
620100008,MV Coral Tide,Container,9741123,VR8890,2019-10-19T04:32:47+00:00,32.235458,29.700397,19.01,174.2,174,Under way using engine,DAMANHUR,13.5,IRRELEVANT
620100008,MV Coral Tide,Container,9741123,VR8890,2019-10-19T04:44:47+00:00,32.231672,29.700854,19.03,173.7,174,Under way using engine,DAMANHUR,13.5,IRRELEVANT
620100008,MV Coral Tide,Container,9741123,VR8890,2019-10-19T04:56:47+00:00,32.227774,29.701363,19.55,179.9,180,Under way using engine,DAMANHUR,13.5,IRRELEVANT
620100008,MV Coral Tide,Container,9741123,VR8890,2019-10-19T05:08:47+00:00,32.224017,29.70137,19.66,174.0,174,Under way using engine,DAMANHUR,13.5,IRRELEVANT
620100008,MV Coral Tide,Container,9741123,VR8890,2019-10-19T05:20:47+00:00,32.22028,29.701837,19.56,177.6,178,Under way using engine,DAMANHUR,13.5,IRRELEVANT
620100008,MV Coral Tide,Container,9741123,VR8890,2019-10-19T05:32:47+00:00,32.216375,29.702029,19.09,175.1,175,Under way using engine,DAMANHUR,13.5,IRRELEVANT
620100008,MV Coral Tide,Container,9741123,VR8890,2019-10-19T05:44:47+00:00,32.212476,29.70242,19.92,178.0,178,Under way using engine,DAMANHUR,13.5,IRRELEVANT
620100008,MV Coral Tide,Container,9741123,VR8890,2019-10-19T05:56:47+00:00,32.208727,29.702572,19.71,178.3,178,Under way using engine,DAMANHUR,13.5,IRRELEVANT
620100008,MV Coral Tide,Container,9741123,VR8890,2019-10-19T06:08:47+00:00,32.205047,29.7027,19.7,173.8,174,Under way using engine,DAMANHUR,13.5,IRRELEVANT
620100008,MV Coral Tide,Container,9741123,VR8890,2019-10-19T06:20:47+00:00,32.201225,29.703187,19.68,176.3,176,Under way using engine,DAMANHUR,13.5,IRRELEVANT
620100008,MV Coral Tide,Container,9741123,VR8890,2019-10-19T06:32:47+00:00,32.197442,29.703472,19.3,178.0,178,Under way using engine,DAMANHUR,13.5,IRRELEVANT
620100008,MV Coral Tide,Container,9741123,VR8890,2019-10-19T06:44:47+00:00,32.193661,29.703629,19.63,175.0,175,Under way using engine,DAMANHUR,13.5,IRRELEVANT
620100008,MV Coral Tide,Container,9741123,VR8890,2019-10-19T06:56:47+00:00,32.189762,29.704033,19.73,177.9,178,Under way using engine,DAMANHUR,13.5,IRRELEVANT
620100008,MV Coral Tide,Container,9741123,VR8890,2019-10-19T07:08:47+00:00,32.186093,29.70419,19.56,175.5,176,Under way using engine,DAMANHUR,13.5,IRRELEVANT
620100008,MV Coral Tide,Container,9741123,VR8890,2019-10-19T07:20:47+00:00,32.182079,29.704562,19.09,175.5,176,Under way using engine,DAMANHUR,13.5,IRRELEVANT
620100008,MV Coral Tide,Container,9741123,VR8890,2019-10-19T07:32:47+00:00,32.178281,29.704914,19.4,175.6,176,Under way using engine,DAMANHUR,13.5,IRRELEVANT
620100008,MV Coral Tide,Container,9741123,VR8890,2019-10-19T07:44:47+00:00,32.174636,29.705244,19.12,178.3,178,Under way using engine,DAMANHUR,13.5,IRRELEVANT
620100008,MV Coral Tide,Container,9741123,VR8890,2019-10-19T07:56:47+00:00,32.170608,29.705381,19.01,174.9,175,Under way using engine,DAMANHUR,13.5,IRRELEVANT
620100008,MV Coral Tide,Container,9741123,VR8890,2019-10-19T08:08:47+00:00,32.167046,29.705756,19.96,173.1,173,Under way using engine,DAMANHUR,13.5,IRRELEVANT
620100008,MV Coral Tide,Container,9741123,VR8890,2019-10-19T08:20:47+00:00,32.16318,29.706305,19.09,178.9,179,Under way using engine,DAMANHUR,13.5,IRRELEVANT
620100008,MV Coral Tide,Container,9741123,VR8890,2019-10-19T08:32:47+00:00,32.159094,29.706402,19.61,178.2,178,Under way using engine,DAMANHUR,13.5,IRRELEVANT
620100008,MV Coral Tide,Container,9741123,VR8890,2019-10-19T08:44:47+00:00,32.155361,29.70654,19.09,175.9,176,Under way using engine,DAMANHUR,13.5,IRRELEVANT
620100008,MV Coral Tide,Container,9741123,VR8890,2019-10-19T08:56:47+00:00,32.151628,29.706857,19.18,175.6,176,Under way using engine,DAMANHUR,13.5,IRRELEVANT
620100008,MV Coral Tide,Container,9741123,VR8890,2019-10-19T09:08:47+00:00,32.147878,29.707199,19.53,176.2,176,Under way using engine,DAMANHUR,13.5,IRRELEVANT
620100008,MV Coral Tide,Container,9741123,VR8890,2019-10-19T09:20:47+00:00,32.144199,29.707491,19.33,178.9,179,Under way using engine,DAMANHUR,13.5,IRRELEVANT
620100008,MV Coral Tide,Container,9741123,VR8890,2019-10-19T09:32:47+00:00,32.14018,29.70758,19.67,172.9,173,Under way using engine,DAMANHUR,13.5,IRRELEVANT
620100008,MV Coral Tide,Container,9741123,VR8890,2019-10-19T09:44:47+00:00,32.136337,29.708142,19.13,177.4,177,Under way using engine,DAMANHUR,13.5,IRRELEVANT
620100008,MV Coral Tide,Container,9741123,VR8890,2019-10-19T09:56:47+00:00,32.132551,29.708347,19.58,175.2,175,Under way using engine,DAMANHUR,13.5,IRRELEVANT
620100008,MV Coral Tide,Container,9741123,VR8890,2019-10-19T10:08:47+00:00,32.128943,29.708706,19.75,176.4,176,Under way using engine,DAMANHUR,13.5,IRRELEVANT
620100008,MV Coral Tide,Container,9741123,VR8890,2019-10-19T10:20:47+00:00,32.125024,29.708994,19.73,177.3,177,Under way using engine,DAMANHUR,13.5,IRRELEVANT
620100008,MV Coral Tide,Container,9741123,VR8890,2019-10-19T10:32:47+00:00,32.121096,29.709216,19.03,179.1,179,Under way using engine,DAMANHUR,13.5,IRRELEVANT
620100008,MV Coral Tide,Container,9741123,VR8890,2019-10-19T10:44:47+00:00,32.117359,29.709283,19.62,173.6,174,Under way using engine,DAMANHUR,13.5,IRRELEVANT
620100008,MV Coral Tide,Container,9741123,VR8890,2019-10-19T10:56:47+00:00,32.113559,29.709785,19.13,177.5,178,Under way using engine,DAMANHUR,13.5,IRRELEVANT
620100008,MV Coral Tide,Container,9741123,VR8890,2019-10-19T11:08:47+00:00,32.110041,29.709964,19.54,176.9,177,Under way using engine,DAMANHUR,13.5,IRRELEVANT
620100008,MV Coral Tide,Container,9741123,VR8890,2019-10-19T11:20:47+00:00,32.105996,29.710224,19.54,176.8,177,Under way using engine,DAMANHUR,13.5,IRRELEVANT
620100008,MV Coral Tide,Container,9741123,VR8890,2019-10-19T11:32:47+00:00,32.102232,29.710473,19.82,175.6,176,Under way using engine,DAMANHUR,13.5,IRRELEVANT
620100008,MV Coral Tide,Container,9741123,VR8890,2019-10-19T11:44:47+00:00,32.098357,29.710827,19.69,177.1,177,Under way using engine,DAMANHUR,13.5,IRRELEVANT
620100008,MV Coral Tide,Container,9741123,VR8890,2019-10-19T11:56:47+00:00,32.094464,29.711063,19.61,173.9,174,Under way using engine,DAMANHUR,13.5,IRRELEVANT
620100008,MV Coral Tide,Container,9741123,VR8890,2019-10-19T12:08:47+00:00,32.090897,29.711515,19.36,174.6,175,Under way using engine,DAMANHUR,13.5,IRRELEVANT
620100008,MV Coral Tide,Container,9741123,VR8890,2019-10-19T12:20:47+00:00,32.086877,29.711959,19.19,176.7,177,Under way using engine,DAMANHUR,13.5,IRRELEVANT
620100008,MV Coral Tide,Container,9741123,VR8890,2019-10-19T12:32:47+00:00,32.083169,29.712208,19.36,178.9,179,Under way using engine,DAMANHUR,13.5,IRRELEVANT
620100008,MV Coral Tide,Container,9741123,VR8890,2019-10-19T12:44:47+00:00,32.079272,29.712299,19.77,174.7,175,Under way using engine,DAMANHUR,13.5,IRRELEVANT
620100008,MV Coral Tide,Container,9741123,VR8890,2019-10-19T12:56:47+00:00,32.075397,29.712723,19.68,174.7,175,Under way using engine,DAMANHUR,13.5,IRRELEVANT
